dataset,client_count,attacker_count,cohort_mode,variant,trust_estimator,attack_scenario,noniid_alpha,round,independent_runs,accuracy_mean,accuracy_ci95,backdoor_asr_mean,backdoor_asr_ci95,target_effective_aggregation_share_mean,target_effective_aggregation_share_ci95,target_returned_updates_mean,target_returned_updates_ci95,target_aggregated_updates_mean,target_aggregated_updates_ci95,target_observed_node_rate_mean,target_observed_node_rate_ci95,target_limited_rate_mean,target_limited_rate_ci95,target_admitted_rate_mean,target_admitted_rate_ci95,target_rffl_removals_mean,target_rffl_removals_ci95,configured_access_lease_full_updates,target_lease_expirations_mean,target_lease_expirations_ci95,target_lease_renewals_mean,target_lease_renewals_ci95,lease_full_updates
cifar10,20,2,mixed_maturity,access_freshness_lease,dirichlet_lcb,benign_concept_drift,0.5,1,10,0.1459,0.025922189122143023,0.28561111111111115,0.3105854977977058,0.04717186657794859,0.01145677887023617,2.0,0.0,2.0,0.0,1.0,0.0,1.0,0.0,0.0,0.0,0.0,0.0,5,0.0,0.0,0.0,0.0,5
cifar10,20,2,mixed_maturity,access_freshness_lease,dirichlet_lcb,benign_concept_drift,0.5,2,10,0.20739999999999997,0.015506551548361957,0.06861111111111111,0.0780344825811346,0.04717186657794859,0.01145677887023617,2.0,0.0,2.0,0.0,1.0,0.0,1.0,0.0,0.0,0.0,0.0,0.0,5,0.0,0.0,0.0,0.0,5
cifar10,20,2,mixed_maturity,access_freshness_lease,dirichlet_lcb,benign_concept_drift,0.5,3,10,0.22139999999999999,0.01658298186000037,0.1778888888888889,0.15437225243895156,0.0471718665779486,0.011456778870236174,2.0,0.0,2.0,0.0,1.0,0.0,1.0,0.0,0.0,0.0,0.0,0.0,5,0.0,0.0,0.0,0.0,5
cifar10,20,2,mixed_maturity,access_freshness_lease,dirichlet_lcb,benign_concept_drift,0.5,4,10,0.24814999999999995,0.01672913273557184,0.09822222222222224,0.08460874168554962,0.0471718665779486,0.01145677887023617,2.0,0.0,2.0,0.0,1.0,0.0,1.0,0.0,0.0,0.0,0.0,0.0,5,0.0,0.0,0.0,0.0,5
cifar10,20,2,mixed_maturity,access_freshness_lease,dirichlet_lcb,benign_concept_drift,0.5,5,10,0.25234999999999996,0.01657976706127058,0.09394444444444446,0.08961407895824967,0.08968400000000001,0.021302679858953212,2.0,0.0,2.0,0.0,1.0,0.0,0.0,0.0,1.0,0.0,0.0,0.0,5,0.0,0.0,0.0,0.0,5
cifar10,20,2,mixed_maturity,access_freshness_lease,dirichlet_lcb,benign_concept_drift,0.5,6,10,0.2591,0.019131841191806997,0.05533333333333333,0.029781033047589632,0.08968400000000001,0.021302679858953216,2.0,0.0,2.0,0.0,1.0,0.0,0.0,0.0,1.0,0.0,0.0,0.0,5,0.0,0.0,0.0,0.0,5
cifar10,20,2,mixed_maturity,access_freshness_lease,dirichlet_lcb,benign_concept_drift,0.5,7,10,0.26855,0.01294408401910012,0.10761111111111113,0.06617951051505282,0.089684,0.021302679858953212,2.0,0.0,2.0,0.0,1.0,0.0,0.0,0.0,1.0,0.0,0.0,0.0,5,0.0,0.0,0.0,0.0,5
cifar10,20,2,mixed_maturity,access_freshness_lease,dirichlet_lcb,benign_concept_drift,0.5,8,10,0.28604999999999997,0.011214168643063231,0.08505555555555555,0.041476879887869376,0.089684,0.021302679858953212,2.0,0.0,2.0,0.0,1.0,0.0,0.0,0.0,1.0,0.0,0.0,0.0,5,0.0,0.0,0.0,0.0,5
cifar10,20,2,mixed_maturity,access_freshness_lease,dirichlet_lcb,benign_concept_drift,0.5,9,10,0.28354999999999997,0.0237630909418271,0.13399999999999998,0.10000754416774207,0.089684,0.02130267985895321,2.0,0.0,2.0,0.0,1.0,0.0,0.0,0.0,1.0,0.0,0.0,0.0,5,0.0,0.0,0.0,0.0,5
cifar10,20,2,mixed_maturity,access_freshness_lease,dirichlet_lcb,benign_concept_drift,0.5,10,10,0.28254999999999997,0.0134312902644104,0.06427777777777778,0.05322436770009031,0.04717186657794859,0.01145677887023617,2.0,0.0,2.0,0.0,1.0,0.0,1.0,0.0,0.0,0.0,0.0,0.0,5,2.0,0.0,0.0,0.0,5
cifar10,20,2,mixed_maturity,access_freshness_lease,dirichlet_lcb,benign_concept_drift,0.5,11,10,0.30810000000000004,0.012536106769914991,0.09016666666666667,0.06014385946054418,0.04717186657794859,0.01145677887023617,2.0,0.0,2.0,0.0,1.0,0.0,1.0,0.0,0.0,0.0,0.0,0.0,5,0.0,0.0,0.0,0.0,5
cifar10,20,2,mixed_maturity,access_freshness_lease,dirichlet_lcb,benign_concept_drift,0.5,12,10,0.30500000000000005,0.012986349678114968,0.06816666666666667,0.030539121697775767,0.04717186657794859,0.01145677887023617,2.0,0.0,2.0,0.0,1.0,0.0,1.0,0.0,0.0,0.0,0.0,0.0,5,0.0,0.0,0.0,0.0,5
cifar10,20,2,mixed_maturity,access_freshness_lease,dirichlet_lcb,benign_concept_drift,0.5,13,10,0.3031,0.011250047189774891,0.07222222222222223,0.048416482167484384,0.0471718665779486,0.011456778870236174,2.0,0.0,2.0,0.0,1.0,0.0,1.0,0.0,0.0,0.0,0.0,0.0,5,0.0,0.0,0.0,0.0,5
cifar10,20,2,mixed_maturity,access_freshness_lease,dirichlet_lcb,benign_concept_drift,0.5,14,10,0.30174999999999996,0.015676538771034646,0.12133333333333332,0.0484049544421027,0.04717186657794859,0.011456778870236174,2.0,0.0,2.0,0.0,1.0,0.0,1.0,0.0,0.0,0.0,0.0,0.0,5,0.0,0.0,0.0,0.0,5
cifar10,20,2,mixed_maturity,access_freshness_lease,dirichlet_lcb,benign_concept_drift,0.5,15,10,0.30955,0.018029935017696893,0.07066666666666667,0.054027689700482134,0.08968400000000001,0.02130267985895322,2.0,0.0,2.0,0.0,1.0,0.0,0.0,0.0,1.0,0.0,0.0,0.0,5,0.0,0.0,2.0,0.0,5
cifar10,20,2,mixed_maturity,access_freshness_lease,dirichlet_lcb,benign_concept_drift,0.5,16,10,0.31439999999999996,0.012390115613905487,0.06494444444444444,0.05314761909980966,0.089684,0.021302679858953212,2.0,0.0,2.0,0.0,1.0,0.0,0.0,0.0,1.0,0.0,0.0,0.0,5,0.0,0.0,0.0,0.0,5
cifar10,20,2,mixed_maturity,access_freshness_lease,dirichlet_lcb,benign_concept_drift,0.5,17,10,0.3133500000000001,0.016174423714007166,0.08344444444444446,0.04388685345423364,0.089684,0.021302679858953212,2.0,0.0,2.0,0.0,1.0,0.0,0.0,0.0,1.0,0.0,0.0,0.0,5,0.0,0.0,0.0,0.0,5
cifar10,20,2,mixed_maturity,access_freshness_lease,dirichlet_lcb,benign_concept_drift,0.5,18,10,0.31679999999999997,0.01487720709551692,0.08183333333333334,0.04742442177201752,0.089684,0.021302679858953212,2.0,0.0,2.0,0.0,1.0,0.0,0.0,0.0,1.0,0.0,0.0,0.0,5,0.0,0.0,0.0,0.0,5
cifar10,20,2,mixed_maturity,access_freshness_lease,dirichlet_lcb,benign_concept_drift,0.5,19,10,0.3216,0.013505539274340651,0.060333333333333315,0.03366088840561473,0.08968400000000001,0.021302679858953212,2.0,0.0,2.0,0.0,1.0,0.0,0.0,0.0,1.0,0.0,0.0,0.0,5,0.0,0.0,0.0,0.0,5
cifar10,20,2,mixed_maturity,access_freshness_lease,dirichlet_lcb,benign_concept_drift,0.5,20,10,0.33035000000000003,0.009360657641825369,0.056055555555555546,0.021566303528545095,0.0471718665779486,0.011456778870236174,2.0,0.0,2.0,0.0,1.0,0.0,1.0,0.0,0.0,0.0,0.0,0.0,5,2.0,0.0,0.0,0.0,5
cifar10,20,2,mixed_maturity,access_freshness_lease,dirichlet_lcb,benign_concept_drift,0.5,21,10,0.3221,0.013720645743702247,0.058333333333333334,0.028161760139503153,0.0471718665779486,0.011456778870236172,2.0,0.0,2.0,0.0,1.0,0.0,1.0,0.0,0.0,0.0,0.0,0.0,5,0.0,0.0,0.0,0.0,5
cifar10,20,2,mixed_maturity,access_freshness_lease,dirichlet_lcb,benign_concept_drift,0.5,22,10,0.32039999999999996,0.017354512014703956,0.11361111111111111,0.043223831854809436,0.0471718665779486,0.011456778870236172,2.0,0.0,2.0,0.0,1.0,0.0,1.0,0.0,0.0,0.0,0.0,0.0,5,0.0,0.0,0.0,0.0,5
cifar10,20,2,mixed_maturity,access_freshness_lease,dirichlet_lcb,benign_concept_drift,0.5,23,10,0.31785,0.017211607077138927,0.04788888888888889,0.0415231210472508,0.0471718665779486,0.011456778870236172,2.0,0.0,2.0,0.0,1.0,0.0,1.0,0.0,0.0,0.0,0.0,0.0,5,0.0,0.0,0.0,0.0,5
cifar10,20,2,mixed_maturity,access_freshness_lease,dirichlet_lcb,benign_concept_drift,0.5,24,10,0.33660000000000007,0.012523627497451513,0.07733333333333334,0.04005425631988993,0.04717186657794859,0.011456778870236172,2.0,0.0,2.0,0.0,1.0,0.0,1.0,0.0,0.0,0.0,0.0,0.0,5,0.0,0.0,0.0,0.0,5
cifar10,20,2,mixed_maturity,access_freshness_lease,dirichlet_lcb,benign_concept_drift,0.5,25,10,0.33205,0.01627989325517119,0.09177777777777776,0.031569744455851825,0.089684,0.02130267985895321,2.0,0.0,2.0,0.0,1.0,0.0,0.0,0.0,1.0,0.0,0.0,0.0,5,0.0,0.0,2.0,0.0,5
cifar10,20,2,mixed_maturity,access_freshness_lease,dirichlet_lcb,benign_concept_drift,0.5,26,10,0.33390000000000003,0.014190216152298634,0.059,0.029129594513283747,0.08968399999999999,0.02130267985895321,2.0,0.0,2.0,0.0,1.0,0.0,0.0,0.0,1.0,0.0,0.0,0.0,5,0.0,0.0,0.0,0.0,5
cifar10,20,2,mixed_maturity,access_freshness_lease,dirichlet_lcb,benign_concept_drift,0.5,27,10,0.31975,0.013975674976614824,0.03388888888888889,0.021830411105051347,0.089684,0.021302679858953212,2.0,0.0,2.0,0.0,1.0,0.0,0.0,0.0,1.0,0.0,0.0,0.0,5,0.0,0.0,0.0,0.0,5
cifar10,20,2,mixed_maturity,access_freshness_lease,dirichlet_lcb,benign_concept_drift,0.5,28,10,0.31865000000000004,0.017626166096466514,0.099,0.05577521419715086,0.089684,0.02130267985895321,2.0,0.0,2.0,0.0,1.0,0.0,0.0,0.0,1.0,0.0,0.0,0.0,5,0.0,0.0,0.0,0.0,5
cifar10,20,2,mixed_maturity,access_freshness_lease,dirichlet_lcb,benign_concept_drift,0.5,29,10,0.3318,0.01073326761090672,0.05588888888888889,0.030293419684185537,0.089684,0.02130267985895321,2.0,0.0,2.0,0.0,1.0,0.0,0.0,0.0,1.0,0.0,0.0,0.0,5,0.0,0.0,0.0,0.0,5
cifar10,20,2,mixed_maturity,access_freshness_lease,dirichlet_lcb,benign_concept_drift,0.5,30,10,0.3381,0.009887579322454758,0.06122222222222222,0.04062675250052358,0.04717186657794859,0.01145677887023617,2.0,0.0,2.0,0.0,1.0,0.0,1.0,0.0,0.0,0.0,0.0,0.0,5,2.0,0.0,0.0,0.0,5
cifar10,20,2,mixed_maturity,access_freshness_lease,dirichlet_lcb,benign_concept_drift,0.5,31,10,0.33955,0.010883525741384209,0.07338888888888889,0.03064662142735408,0.0471718665779486,0.011456778870236172,2.0,0.0,2.0,0.0,1.0,0.0,1.0,0.0,0.0,0.0,0.0,0.0,5,0.0,0.0,0.0,0.0,5
cifar10,20,2,mixed_maturity,access_freshness_lease,dirichlet_lcb,benign_concept_drift,0.5,32,10,0.3297,0.014192620119250227,0.08183333333333334,0.05158751844492405,0.04717186657794859,0.011456778870236174,2.0,0.0,2.0,0.0,1.0,0.0,1.0,0.0,0.0,0.0,0.0,0.0,5,0.0,0.0,0.0,0.0,5
cifar10,20,2,mixed_maturity,access_freshness_lease,dirichlet_lcb,benign_concept_drift,0.5,33,10,0.3433,0.013908332252781532,0.06644444444444444,0.05060390640309741,0.0471718665779486,0.01145677887023617,2.0,0.0,2.0,0.0,1.0,0.0,1.0,0.0,0.0,0.0,0.0,0.0,5,0.0,0.0,0.0,0.0,5
cifar10,20,2,mixed_maturity,access_freshness_lease,dirichlet_lcb,benign_concept_drift,0.5,34,10,0.34269999999999995,0.011403655694206883,0.08677777777777779,0.0400472455236012,0.0471718665779486,0.01145677887023617,2.0,0.0,2.0,0.0,1.0,0.0,1.0,0.0,0.0,0.0,0.0,0.0,5,0.0,0.0,0.0,0.0,5
cifar10,20,2,mixed_maturity,access_freshness_lease,dirichlet_lcb,benign_concept_drift,0.5,35,10,0.34074999999999994,0.008842449908460871,0.05994444444444443,0.03700611153174282,0.089684,0.021302679858953212,2.0,0.0,2.0,0.0,1.0,0.0,0.0,0.0,1.0,0.0,0.0,0.0,5,0.0,0.0,2.0,0.0,5
cifar10,20,2,mixed_maturity,access_freshness_lease,dirichlet_lcb,benign_concept_drift,0.5,36,10,0.33204999999999996,0.016241428982470437,0.07016666666666667,0.037255001518600554,0.089684,0.02130267985895321,2.0,0.0,2.0,0.0,1.0,0.0,0.0,0.0,1.0,0.0,0.0,0.0,5,0.0,0.0,0.0,0.0,5
cifar10,20,2,mixed_maturity,access_freshness_lease,dirichlet_lcb,benign_concept_drift,0.5,37,10,0.33855,0.012969317458804612,0.05444444444444444,0.03655548594937855,0.089684,0.02130267985895321,2.0,0.0,2.0,0.0,1.0,0.0,0.0,0.0,1.0,0.0,0.0,0.0,5,0.0,0.0,0.0,0.0,5
cifar10,20,2,mixed_maturity,access_freshness_lease,dirichlet_lcb,benign_concept_drift,0.5,38,10,0.3379,0.012547440792780421,0.06316666666666666,0.029355990349636582,0.08968400000000001,0.02130267985895321,2.0,0.0,2.0,0.0,1.0,0.0,0.0,0.0,1.0,0.0,0.0,0.0,5,0.0,0.0,0.0,0.0,5
cifar10,20,2,mixed_maturity,access_freshness_lease,dirichlet_lcb,benign_concept_drift,0.5,39,10,0.34310000000000007,0.010200352917604611,0.12644444444444444,0.03969972458831399,0.08968400000000001,0.021302679858953212,2.0,0.0,2.0,0.0,1.0,0.0,0.0,0.0,1.0,0.0,0.0,0.0,5,0.0,0.0,0.0,0.0,5
cifar10,20,2,mixed_maturity,access_freshness_lease,dirichlet_lcb,benign_concept_drift,0.5,40,10,0.33995,0.008172776548922817,0.05461111111111111,0.034322168738169685,0.04717186657794859,0.011456778870236167,2.0,0.0,2.0,0.0,1.0,0.0,1.0,0.0,0.0,0.0,0.0,0.0,5,2.0,0.0,0.0,0.0,5
cifar10,20,2,mixed_maturity,access_freshness_lease,dirichlet_lcb,benign_concept_drift,0.5,41,10,0.34614999999999996,0.00820852784438016,0.06066666666666666,0.018574466682092384,0.04717186657794859,0.011456778870236167,2.0,0.0,2.0,0.0,1.0,0.0,1.0,0.0,0.0,0.0,0.0,0.0,5,0.0,0.0,0.0,0.0,5
cifar10,20,2,mixed_maturity,access_freshness_lease,dirichlet_lcb,benign_concept_drift,0.5,42,10,0.33404999999999996,0.01842300602030326,0.08427777777777778,0.03811097088896151,0.0471718665779486,0.011456778870236174,2.0,0.0,2.0,0.0,1.0,0.0,1.0,0.0,0.0,0.0,0.0,0.0,5,0.0,0.0,0.0,0.0,5
cifar10,20,2,mixed_maturity,access_freshness_lease,dirichlet_lcb,benign_concept_drift,0.5,43,10,0.34315,0.01064396429362417,0.07455555555555556,0.042617695064930856,0.0471718665779486,0.011456778870236172,2.0,0.0,2.0,0.0,1.0,0.0,1.0,0.0,0.0,0.0,0.0,0.0,5,0.0,0.0,0.0,0.0,5
cifar10,20,2,mixed_maturity,access_freshness_lease,dirichlet_lcb,benign_concept_drift,0.5,44,10,0.3427,0.009882402428420475,0.06844444444444445,0.04260904675125499,0.0471718665779486,0.01145677887023617,2.0,0.0,2.0,0.0,1.0,0.0,1.0,0.0,0.0,0.0,0.0,0.0,5,0.0,0.0,0.0,0.0,5
cifar10,20,2,mixed_maturity,access_freshness_lease,dirichlet_lcb,benign_concept_drift,0.5,45,10,0.32795,0.012759370784503158,0.09838888888888889,0.039835753184234775,0.08968400000000001,0.02130267985895322,2.0,0.0,2.0,0.0,1.0,0.0,0.0,0.0,1.0,0.0,0.0,0.0,5,0.0,0.0,2.0,0.0,5
cifar10,20,2,mixed_maturity,access_freshness_lease,dirichlet_lcb,benign_concept_drift,0.5,46,10,0.32935000000000003,0.00881798095831319,0.0943888888888889,0.06673784375803934,0.08968400000000001,0.021302679858953216,2.0,0.0,2.0,0.0,1.0,0.0,0.0,0.0,1.0,0.0,0.0,0.0,5,0.0,0.0,0.0,0.0,5
cifar10,20,2,mixed_maturity,access_freshness_lease,dirichlet_lcb,benign_concept_drift,0.5,47,10,0.3411,0.013547574731192525,0.08244444444444446,0.04153850220384809,0.08968400000000001,0.021302679858953216,2.0,0.0,2.0,0.0,1.0,0.0,0.0,0.0,1.0,0.0,0.0,0.0,5,0.0,0.0,0.0,0.0,5
cifar10,20,2,mixed_maturity,access_freshness_lease,dirichlet_lcb,benign_concept_drift,0.5,48,10,0.33934999999999993,0.014967560013769284,0.09255555555555554,0.059481398602369215,0.089684,0.021302679858953212,2.0,0.0,2.0,0.0,1.0,0.0,0.0,0.0,1.0,0.0,0.0,0.0,5,0.0,0.0,0.0,0.0,5
cifar10,20,2,mixed_maturity,access_freshness_lease,dirichlet_lcb,benign_concept_drift,0.5,49,10,0.3481,0.011611917114299732,0.05361111111111112,0.0212711772988097,0.089684,0.02130267985895321,2.0,0.0,2.0,0.0,1.0,0.0,0.0,0.0,1.0,0.0,0.0,0.0,5,0.0,0.0,0.0,0.0,5
cifar10,20,2,mixed_maturity,access_freshness_lease,dirichlet_lcb,benign_concept_drift,0.5,50,10,0.34355,0.012321836683458213,0.07855555555555555,0.036601639643022675,0.0471718665779486,0.011456778870236172,2.0,0.0,2.0,0.0,1.0,0.0,1.0,0.0,0.0,0.0,0.0,0.0,5,2.0,0.0,0.0,0.0,5
cifar10,20,2,mixed_maturity,access_freshness_lease,dirichlet_lcb,diverse_then_repeat_backdoor,0.5,1,10,0.1459,0.025922189122143023,0.28561111111111115,0.3105854977977058,0.04717186657794859,0.011456778870236172,2.0,0.0,2.0,0.0,1.0,0.0,1.0,0.0,0.0,0.0,0.0,0.0,5,0.0,0.0,0.0,0.0,5
cifar10,20,2,mixed_maturity,access_freshness_lease,dirichlet_lcb,diverse_then_repeat_backdoor,0.5,2,10,0.20204999999999998,0.01716728235828618,0.09305555555555553,0.09788119984915751,0.04717186657794859,0.01145677887023617,2.0,0.0,2.0,0.0,1.0,0.0,1.0,0.0,0.0,0.0,0.0,0.0,5,0.0,0.0,0.0,0.0,5
cifar10,20,2,mixed_maturity,access_freshness_lease,dirichlet_lcb,diverse_then_repeat_backdoor,0.5,3,10,0.23565,0.012523911255373233,0.1525,0.12933936154099454,0.0471718665779486,0.011456778870236172,2.0,0.0,2.0,0.0,1.0,0.0,1.0,0.0,0.0,0.0,0.0,0.0,5,0.0,0.0,0.0,0.0,5
cifar10,20,2,mixed_maturity,access_freshness_lease,dirichlet_lcb,diverse_then_repeat_backdoor,0.5,4,10,0.24204999999999996,0.015586693315893697,0.0656111111111111,0.06824827269704091,0.0471718665779486,0.011456778870236172,2.0,0.0,2.0,0.0,1.0,0.0,1.0,0.0,0.0,0.0,0.0,0.0,5,0.0,0.0,0.0,0.0,5
cifar10,20,2,mixed_maturity,access_freshness_lease,dirichlet_lcb,diverse_then_repeat_backdoor,0.5,5,10,0.26430000000000003,0.010310408420938777,0.05577777777777777,0.04136577081219461,0.089684,0.021302679858953212,2.0,0.0,2.0,0.0,1.0,0.0,0.0,0.0,1.0,0.0,0.0,0.0,5,0.0,0.0,0.0,0.0,5
cifar10,20,2,mixed_maturity,access_freshness_lease,dirichlet_lcb,diverse_then_repeat_backdoor,0.5,6,10,0.2693,0.02092899535809886,0.17733333333333334,0.06259924525401198,0.089684,0.021302679858953212,2.0,0.0,2.0,0.0,1.0,0.0,0.0,0.0,1.0,0.0,0.0,0.0,5,0.0,0.0,0.0,0.0,5
cifar10,20,2,mixed_maturity,access_freshness_lease,dirichlet_lcb,diverse_then_repeat_backdoor,0.5,7,10,0.27215,0.016387459886139107,0.14972222222222223,0.09268057645661247,0.08968400000000001,0.021302679858953212,2.0,0.0,2.0,0.0,1.0,0.0,0.0,0.0,1.0,0.0,0.0,0.0,5,0.0,0.0,0.0,0.0,5
cifar10,20,2,mixed_maturity,access_freshness_lease,dirichlet_lcb,diverse_then_repeat_backdoor,0.5,8,10,0.27059999999999995,0.017381520906521883,0.18472222222222218,0.1286921597669097,0.089684,0.02130267985895321,2.0,0.0,2.0,0.0,1.0,0.0,0.0,0.0,1.0,0.0,0.0,0.0,5,0.0,0.0,0.0,0.0,5
cifar10,20,2,mixed_maturity,access_freshness_lease,dirichlet_lcb,diverse_then_repeat_backdoor,0.5,9,10,0.28685,0.011427128422424193,0.15511111111111112,0.10741759873962063,0.089684,0.02130267985895321,2.0,0.0,2.0,0.0,1.0,0.0,0.0,0.0,1.0,0.0,0.0,0.0,5,0.0,0.0,0.0,0.0,5
cifar10,20,2,mixed_maturity,access_freshness_lease,dirichlet_lcb,diverse_then_repeat_backdoor,0.5,10,10,0.2879,0.020224775879696632,0.07649999999999998,0.038783775315241166,0.0471718665779486,0.011456778870236174,2.0,0.0,2.0,0.0,1.0,0.0,1.0,0.0,0.0,0.0,0.0,0.0,5,2.0,0.0,0.0,0.0,5
cifar10,20,2,mixed_maturity,access_freshness_lease,dirichlet_lcb,diverse_then_repeat_backdoor,0.5,11,10,0.29914999999999997,0.014723391812840535,0.14122222222222222,0.07940939465904834,0.0471718665779486,0.011456778870236172,2.0,0.0,2.0,0.0,1.0,0.0,1.0,0.0,0.0,0.0,0.0,0.0,5,0.0,0.0,0.0,0.0,5
cifar10,20,2,mixed_maturity,access_freshness_lease,dirichlet_lcb,diverse_then_repeat_backdoor,0.5,12,10,0.3076,0.014646679103949267,0.09477777777777778,0.053101288660309824,0.04717186657794859,0.01145677887023617,2.0,0.0,2.0,0.0,1.0,0.0,1.0,0.0,0.0,0.0,0.0,0.0,5,0.0,0.0,0.0,0.0,5
cifar10,20,2,mixed_maturity,access_freshness_lease,dirichlet_lcb,diverse_then_repeat_backdoor,0.5,13,10,0.3022,0.01519205047934338,0.13955555555555554,0.07696375233023128,0.0471718665779486,0.011456778870236174,2.0,0.0,2.0,0.0,1.0,0.0,1.0,0.0,0.0,0.0,0.0,0.0,5,0.0,0.0,0.0,0.0,5
cifar10,20,2,mixed_maturity,access_freshness_lease,dirichlet_lcb,diverse_then_repeat_backdoor,0.5,14,10,0.30039999999999994,0.015271003720471065,0.11027777777777778,0.04332602510471528,0.04717186657794859,0.01145677887023617,2.0,0.0,2.0,0.0,1.0,0.0,1.0,0.0,0.0,0.0,0.0,0.0,5,0.0,0.0,0.0,0.0,5
cifar10,20,2,mixed_maturity,access_freshness_lease,dirichlet_lcb,diverse_then_repeat_backdoor,0.5,15,10,0.30845,0.014555799242790516,0.19055555555555553,0.07438006643658378,0.089684,0.02130267985895321,2.0,0.0,2.0,0.0,1.0,0.0,0.0,0.0,1.0,0.0,0.0,0.0,5,0.0,0.0,2.0,0.0,5
cifar10,20,2,mixed_maturity,access_freshness_lease,dirichlet_lcb,diverse_then_repeat_backdoor,0.5,16,10,0.3139,0.01264786615254795,0.10500000000000001,0.06450793021622174,0.089684,0.02130267985895321,2.0,0.0,2.0,0.0,1.0,0.0,0.0,0.0,1.0,0.0,0.0,0.0,5,0.0,0.0,0.0,0.0,5
cifar10,20,2,mixed_maturity,access_freshness_lease,dirichlet_lcb,diverse_then_repeat_backdoor,0.5,17,10,0.31615000000000004,0.01020766652237606,0.18988888888888888,0.07425699271669453,0.089684,0.02130267985895321,2.0,0.0,2.0,0.0,1.0,0.0,0.0,0.0,1.0,0.0,0.0,0.0,5,0.0,0.0,0.0,0.0,5
cifar10,20,2,mixed_maturity,access_freshness_lease,dirichlet_lcb,diverse_then_repeat_backdoor,0.5,18,10,0.30989999999999995,0.011543160445055035,0.19511111111111112,0.08761994048218762,0.08968400000000001,0.021302679858953212,2.0,0.0,2.0,0.0,1.0,0.0,0.0,0.0,1.0,0.0,0.0,0.0,5,0.0,0.0,0.0,0.0,5
cifar10,20,2,mixed_maturity,access_freshness_lease,dirichlet_lcb,diverse_then_repeat_backdoor,0.5,19,10,0.3187,0.013168095237709954,0.17716666666666667,0.0684693106259906,0.08968400000000001,0.021302679858953212,2.0,0.0,2.0,0.0,1.0,0.0,0.0,0.0,1.0,0.0,0.0,0.0,5,0.0,0.0,0.0,0.0,5
cifar10,20,2,mixed_maturity,access_freshness_lease,dirichlet_lcb,diverse_then_repeat_backdoor,0.5,20,10,0.3232,0.015586465317261142,0.13338888888888892,0.056023433612708104,0.0471718665779486,0.011456778870236172,2.0,0.0,2.0,0.0,1.0,0.0,1.0,0.0,0.0,0.0,0.0,0.0,5,2.0,0.0,0.0,0.0,5
cifar10,20,2,mixed_maturity,access_freshness_lease,dirichlet_lcb,diverse_then_repeat_backdoor,0.5,21,10,0.31825000000000003,0.01690847938369397,0.17044444444444445,0.07357344976043928,0.04717186657794859,0.01145677887023617,2.0,0.0,2.0,0.0,1.0,0.0,1.0,0.0,0.0,0.0,0.0,0.0,5,0.0,0.0,0.0,0.0,5
cifar10,20,2,mixed_maturity,access_freshness_lease,dirichlet_lcb,diverse_then_repeat_backdoor,0.5,22,10,0.31575000000000003,0.009318345584542044,0.19627777777777777,0.08424003372224725,0.0471718665779486,0.01145677887023617,2.0,0.0,2.0,0.0,1.0,0.0,1.0,0.0,0.0,0.0,0.0,0.0,5,0.0,0.0,0.0,0.0,5
cifar10,20,2,mixed_maturity,access_freshness_lease,dirichlet_lcb,diverse_then_repeat_backdoor,0.5,23,10,0.3251,0.016779825972177826,0.2045,0.0944060208935957,0.04717186657794859,0.011456778870236172,2.0,0.0,2.0,0.0,1.0,0.0,1.0,0.0,0.0,0.0,0.0,0.0,5,0.0,0.0,0.0,0.0,5
cifar10,20,2,mixed_maturity,access_freshness_lease,dirichlet_lcb,diverse_then_repeat_backdoor,0.5,24,10,0.32544999999999996,0.013520949927081097,0.16627777777777777,0.08874677576225488,0.04717186657794859,0.01145677887023617,2.0,0.0,2.0,0.0,1.0,0.0,1.0,0.0,0.0,0.0,0.0,0.0,5,0.0,0.0,0.0,0.0,5
cifar10,20,2,mixed_maturity,access_freshness_lease,dirichlet_lcb,diverse_then_repeat_backdoor,0.5,25,10,0.32685,0.011755783131125264,0.2286111111111111,0.08914930218542234,0.089684,0.02130267985895321,2.0,0.0,2.0,0.0,1.0,0.0,0.0,0.0,1.0,0.0,0.0,0.0,5,0.0,0.0,2.0,0.0,5
cifar10,20,2,mixed_maturity,access_freshness_lease,dirichlet_lcb,diverse_then_repeat_backdoor,0.5,26,10,0.32089999999999996,0.015499216203431355,0.2624444444444444,0.12118106469206197,0.08968400000000001,0.021302679858953216,2.0,0.0,2.0,0.0,1.0,0.0,0.0,0.0,1.0,0.0,0.0,0.0,5,0.0,0.0,0.0,0.0,5
cifar10,20,2,mixed_maturity,access_freshness_lease,dirichlet_lcb,diverse_then_repeat_backdoor,0.5,27,10,0.32574999999999993,0.015461062279205424,0.16894444444444445,0.07568526585421134,0.08968400000000001,0.021302679858953216,2.0,0.0,2.0,0.0,1.0,0.0,0.0,0.0,1.0,0.0,0.0,0.0,5,0.0,0.0,0.0,0.0,5
cifar10,20,2,mixed_maturity,access_freshness_lease,dirichlet_lcb,diverse_then_repeat_backdoor,0.5,28,10,0.32825000000000004,0.014089131380966891,0.27511111111111114,0.1280169520436556,0.08968400000000001,0.02130267985895321,2.0,0.0,2.0,0.0,1.0,0.0,0.0,0.0,1.0,0.0,0.0,0.0,5,0.0,0.0,0.0,0.0,5
cifar10,20,2,mixed_maturity,access_freshness_lease,dirichlet_lcb,diverse_then_repeat_backdoor,0.5,29,10,0.32434999999999997,0.009640449925589495,0.18016666666666667,0.12831876629849853,0.08968400000000001,0.021302679858953216,2.0,0.0,2.0,0.0,1.0,0.0,0.0,0.0,1.0,0.0,0.0,0.0,5,0.0,0.0,0.0,0.0,5
cifar10,20,2,mixed_maturity,access_freshness_lease,dirichlet_lcb,diverse_then_repeat_backdoor,0.5,30,10,0.32925,0.010741277093335824,0.1976111111111111,0.1042776084145554,0.04717186657794859,0.011456778870236172,2.0,0.0,2.0,0.0,1.0,0.0,1.0,0.0,0.0,0.0,0.0,0.0,5,2.0,0.0,0.0,0.0,5
cifar10,20,2,mixed_maturity,access_freshness_lease,dirichlet_lcb,diverse_then_repeat_backdoor,0.5,31,10,0.3396,0.009936339183187655,0.22227777777777774,0.0851936354338452,0.0471718665779486,0.011456778870236172,2.0,0.0,2.0,0.0,1.0,0.0,1.0,0.0,0.0,0.0,0.0,0.0,5,0.0,0.0,0.0,0.0,5
cifar10,20,2,mixed_maturity,access_freshness_lease,dirichlet_lcb,diverse_then_repeat_backdoor,0.5,32,10,0.32785000000000003,0.008645416974558204,0.2723888888888889,0.11757081809855327,0.0471718665779486,0.01145677887023617,2.0,0.0,2.0,0.0,1.0,0.0,1.0,0.0,0.0,0.0,0.0,0.0,5,0.0,0.0,0.0,0.0,5
cifar10,20,2,mixed_maturity,access_freshness_lease,dirichlet_lcb,diverse_then_repeat_backdoor,0.5,33,10,0.3288,0.015123591703199194,0.20611111111111108,0.09994807418472122,0.0471718665779486,0.011456778870236174,2.0,0.0,2.0,0.0,1.0,0.0,1.0,0.0,0.0,0.0,0.0,0.0,5,0.0,0.0,0.0,0.0,5
cifar10,20,2,mixed_maturity,access_freshness_lease,dirichlet_lcb,diverse_then_repeat_backdoor,0.5,34,10,0.33460000000000006,0.013485526531718202,0.2668888888888889,0.11781493414344772,0.0471718665779486,0.011456778870236172,2.0,0.0,2.0,0.0,1.0,0.0,1.0,0.0,0.0,0.0,0.0,0.0,5,0.0,0.0,0.0,0.0,5
cifar10,20,2,mixed_maturity,access_freshness_lease,dirichlet_lcb,diverse_then_repeat_backdoor,0.5,35,10,0.32985,0.014467247221975446,0.2826666666666667,0.13002566678691452,0.08968399999999999,0.02130267985895321,2.0,0.0,2.0,0.0,1.0,0.0,0.0,0.0,1.0,0.0,0.0,0.0,5,0.0,0.0,2.0,0.0,5
cifar10,20,2,mixed_maturity,access_freshness_lease,dirichlet_lcb,diverse_then_repeat_backdoor,0.5,36,10,0.33295,0.013225453352741359,0.23949999999999996,0.10523807823201672,0.089684,0.02130267985895321,2.0,0.0,2.0,0.0,1.0,0.0,0.0,0.0,1.0,0.0,0.0,0.0,5,0.0,0.0,0.0,0.0,5
cifar10,20,2,mixed_maturity,access_freshness_lease,dirichlet_lcb,diverse_then_repeat_backdoor,0.5,37,10,0.34025000000000005,0.011339967699303734,0.2624444444444445,0.09558221530183117,0.08968399999999999,0.02130267985895321,2.0,0.0,2.0,0.0,1.0,0.0,0.0,0.0,1.0,0.0,0.0,0.0,5,0.0,0.0,0.0,0.0,5
cifar10,20,2,mixed_maturity,access_freshness_lease,dirichlet_lcb,diverse_then_repeat_backdoor,0.5,38,10,0.3365,0.00796409270487907,0.24638888888888885,0.11260251490261455,0.089684,0.02130267985895321,2.0,0.0,2.0,0.0,1.0,0.0,0.0,0.0,1.0,0.0,0.0,0.0,5,0.0,0.0,0.0,0.0,5
cifar10,20,2,mixed_maturity,access_freshness_lease,dirichlet_lcb,diverse_then_repeat_backdoor,0.5,39,10,0.34104999999999996,0.014730534498979323,0.2876666666666666,0.10139040953996412,0.08968400000000001,0.021302679858953216,2.0,0.0,2.0,0.0,1.0,0.0,0.0,0.0,1.0,0.0,0.0,0.0,5,0.0,0.0,0.0,0.0,5
cifar10,20,2,mixed_maturity,access_freshness_lease,dirichlet_lcb,diverse_then_repeat_backdoor,0.5,40,10,0.34295,0.009965837180297497,0.2884999999999999,0.11870971795985549,0.04717186657794859,0.011456778870236167,2.0,0.0,2.0,0.0,1.0,0.0,1.0,0.0,0.0,0.0,0.0,0.0,5,2.0,0.0,0.0,0.0,5
cifar10,20,2,mixed_maturity,access_freshness_lease,dirichlet_lcb,diverse_then_repeat_backdoor,0.5,41,10,0.34705,0.007509260147261576,0.27255555555555555,0.1187267397237492,0.0471718665779486,0.011456778870236174,2.0,0.0,2.0,0.0,1.0,0.0,1.0,0.0,0.0,0.0,0.0,0.0,5,0.0,0.0,0.0,0.0,5
cifar10,20,2,mixed_maturity,access_freshness_lease,dirichlet_lcb,diverse_then_repeat_backdoor,0.5,42,10,0.3405,0.016720590991207544,0.27027777777777773,0.10910320833540091,0.04717186657794859,0.01145677887023617,2.0,0.0,2.0,0.0,1.0,0.0,1.0,0.0,0.0,0.0,0.0,0.0,5,0.0,0.0,0.0,0.0,5
cifar10,20,2,mixed_maturity,access_freshness_lease,dirichlet_lcb,diverse_then_repeat_backdoor,0.5,43,10,0.33840000000000003,0.008600495565492633,0.28833333333333333,0.09900761414668448,0.04717186657794859,0.01145677887023617,2.0,0.0,2.0,0.0,1.0,0.0,1.0,0.0,0.0,0.0,0.0,0.0,5,0.0,0.0,0.0,0.0,5
cifar10,20,2,mixed_maturity,access_freshness_lease,dirichlet_lcb,diverse_then_repeat_backdoor,0.5,44,10,0.34634999999999994,0.01731781902979543,0.3118888888888889,0.08116966104181367,0.0471718665779486,0.011456778870236167,2.0,0.0,2.0,0.0,1.0,0.0,1.0,0.0,0.0,0.0,0.0,0.0,5,0.0,0.0,0.0,0.0,5
cifar10,20,2,mixed_maturity,access_freshness_lease,dirichlet_lcb,diverse_then_repeat_backdoor,0.5,45,10,0.34085,0.011572984684242718,0.2976111111111111,0.10032785079157017,0.08968399999999999,0.021302679858953212,2.0,0.0,2.0,0.0,1.0,0.0,0.0,0.0,1.0,0.0,0.0,0.0,5,0.0,0.0,2.0,0.0,5
cifar10,20,2,mixed_maturity,access_freshness_lease,dirichlet_lcb,diverse_then_repeat_backdoor,0.5,46,10,0.33209999999999995,0.00801887828295856,0.3508333333333333,0.14054548831527905,0.089684,0.021302679858953212,2.0,0.0,2.0,0.0,1.0,0.0,0.0,0.0,1.0,0.0,0.0,0.0,5,0.0,0.0,0.0,0.0,5
cifar10,20,2,mixed_maturity,access_freshness_lease,dirichlet_lcb,diverse_then_repeat_backdoor,0.5,47,10,0.33130000000000004,0.015290910740832693,0.3275,0.08095491312595736,0.08968400000000001,0.021302679858953212,2.0,0.0,2.0,0.0,1.0,0.0,0.0,0.0,1.0,0.0,0.0,0.0,5,0.0,0.0,0.0,0.0,5
cifar10,20,2,mixed_maturity,access_freshness_lease,dirichlet_lcb,diverse_then_repeat_backdoor,0.5,48,10,0.35775000000000007,0.012685404737559372,0.2583888888888889,0.11087429801970633,0.089684,0.021302679858953212,2.0,0.0,2.0,0.0,1.0,0.0,0.0,0.0,1.0,0.0,0.0,0.0,5,0.0,0.0,0.0,0.0,5
cifar10,20,2,mixed_maturity,access_freshness_lease,dirichlet_lcb,diverse_then_repeat_backdoor,0.5,49,10,0.35019999999999996,0.011460852136707769,0.32649999999999996,0.05797983932841364,0.08968399999999999,0.021302679858953212,2.0,0.0,2.0,0.0,1.0,0.0,0.0,0.0,1.0,0.0,0.0,0.0,5,0.0,0.0,0.0,0.0,5
cifar10,20,2,mixed_maturity,access_freshness_lease,dirichlet_lcb,diverse_then_repeat_backdoor,0.5,50,10,0.3379,0.013087534480463852,0.2996666666666667,0.1205216509458294,0.0471718665779486,0.01145677887023617,2.0,0.0,2.0,0.0,1.0,0.0,1.0,0.0,0.0,0.0,0.0,0.0,5,2.0,0.0,0.0,0.0,5
cifar10,20,2,mixed_maturity,access_full,dirichlet_lcb,benign_concept_drift,0.5,1,10,0.1459,0.025922189122143023,0.28561111111111115,0.3105854977977058,0.04717186657794859,0.011456778870236167,2.0,0.0,2.0,0.0,1.0,0.0,1.0,0.0,0.0,0.0,0.0,0.0,5,0.0,0.0,0.0,0.0,0
cifar10,20,2,mixed_maturity,access_full,dirichlet_lcb,benign_concept_drift,0.5,2,10,0.21060000000000004,0.018216101612128072,0.07205555555555555,0.07225966238196506,0.0471718665779486,0.011456778870236172,2.0,0.0,2.0,0.0,1.0,0.0,1.0,0.0,0.0,0.0,0.0,0.0,5,0.0,0.0,0.0,0.0,0
cifar10,20,2,mixed_maturity,access_full,dirichlet_lcb,benign_concept_drift,0.5,3,10,0.23434999999999997,0.016608035933286823,0.11966666666666667,0.0807326166078512,0.0471718665779486,0.01145677887023617,2.0,0.0,2.0,0.0,1.0,0.0,1.0,0.0,0.0,0.0,0.0,0.0,5,0.0,0.0,0.0,0.0,0
cifar10,20,2,mixed_maturity,access_full,dirichlet_lcb,benign_concept_drift,0.5,4,10,0.25335,0.017960104866843966,0.11077777777777778,0.08640689087502043,0.0471718665779486,0.011456778870236172,2.0,0.0,2.0,0.0,1.0,0.0,1.0,0.0,0.0,0.0,0.0,0.0,5,0.0,0.0,0.0,0.0,0
cifar10,20,2,mixed_maturity,access_full,dirichlet_lcb,benign_concept_drift,0.5,5,10,0.24285,0.016485187390143586,0.06105555555555555,0.05345611910883963,0.089684,0.02130267985895321,2.0,0.0,2.0,0.0,1.0,0.0,0.0,0.0,1.0,0.0,0.0,0.0,5,0.0,0.0,0.0,0.0,0
cifar10,20,2,mixed_maturity,access_full,dirichlet_lcb,benign_concept_drift,0.5,6,10,0.26665,0.018975357896282165,0.07372222222222223,0.05461766940698118,0.089684,0.02130267985895321,2.0,0.0,2.0,0.0,1.0,0.0,0.0,0.0,1.0,0.0,0.0,0.0,5,0.0,0.0,0.0,0.0,0
cifar10,20,2,mixed_maturity,access_full,dirichlet_lcb,benign_concept_drift,0.5,7,10,0.26980000000000004,0.01605635887805901,0.04622222222222223,0.021345752480479038,0.089684,0.021302679858953212,2.0,0.0,2.0,0.0,1.0,0.0,0.0,0.0,1.0,0.0,0.0,0.0,5,0.0,0.0,0.0,0.0,0
cifar10,20,2,mixed_maturity,access_full,dirichlet_lcb,benign_concept_drift,0.5,8,10,0.28205,0.014076211218508678,0.04983333333333333,0.03060628160262913,0.08968399999999999,0.02130267985895321,2.0,0.0,2.0,0.0,1.0,0.0,0.0,0.0,1.0,0.0,0.0,0.0,5,0.0,0.0,0.0,0.0,0
cifar10,20,2,mixed_maturity,access_full,dirichlet_lcb,benign_concept_drift,0.5,9,10,0.29705,0.012409203047180154,0.07744444444444445,0.05065139516203998,0.08968399999999999,0.021302679858953212,2.0,0.0,2.0,0.0,1.0,0.0,0.0,0.0,1.0,0.0,0.0,0.0,5,0.0,0.0,0.0,0.0,0
cifar10,20,2,mixed_maturity,access_full,dirichlet_lcb,benign_concept_drift,0.5,10,10,0.2947000000000001,0.019891267404507414,0.08083333333333333,0.042871196331758114,0.089684,0.02130267985895321,2.0,0.0,2.0,0.0,1.0,0.0,0.0,0.0,1.0,0.0,0.0,0.0,5,0.0,0.0,0.0,0.0,0
cifar10,20,2,mixed_maturity,access_full,dirichlet_lcb,benign_concept_drift,0.5,11,10,0.29579999999999995,0.017681041223123157,0.092,0.053971596795861436,0.08968399999999999,0.021302679858953212,2.0,0.0,2.0,0.0,1.0,0.0,0.0,0.0,1.0,0.0,0.0,0.0,5,0.0,0.0,0.0,0.0,0
cifar10,20,2,mixed_maturity,access_full,dirichlet_lcb,benign_concept_drift,0.5,12,10,0.30324999999999996,0.01742273083989824,0.10416666666666667,0.06922783028457846,0.08968400000000001,0.021302679858953212,2.0,0.0,2.0,0.0,1.0,0.0,0.0,0.0,1.0,0.0,0.0,0.0,5,0.0,0.0,0.0,0.0,0
cifar10,20,2,mixed_maturity,access_full,dirichlet_lcb,benign_concept_drift,0.5,13,10,0.30079999999999996,0.017038247118070556,0.09877777777777777,0.059306065080359474,0.089684,0.021302679858953212,2.0,0.0,2.0,0.0,1.0,0.0,0.0,0.0,1.0,0.0,0.0,0.0,5,0.0,0.0,0.0,0.0,0
cifar10,20,2,mixed_maturity,access_full,dirichlet_lcb,benign_concept_drift,0.5,14,10,0.2899,0.012062245868004796,0.0865,0.06992268383884827,0.08968400000000001,0.021302679858953216,2.0,0.0,2.0,0.0,1.0,0.0,0.0,0.0,1.0,0.0,0.0,0.0,5,0.0,0.0,0.0,0.0,0
cifar10,20,2,mixed_maturity,access_full,dirichlet_lcb,benign_concept_drift,0.5,15,10,0.2955500000000001,0.02000048444838222,0.05849999999999998,0.04126503842009287,0.089684,0.02130267985895321,2.0,0.0,2.0,0.0,1.0,0.0,0.0,0.0,1.0,0.0,0.0,0.0,5,0.0,0.0,0.0,0.0,0
cifar10,20,2,mixed_maturity,access_full,dirichlet_lcb,benign_concept_drift,0.5,16,10,0.30924999999999997,0.013496537212443448,0.08933333333333333,0.061280930035335184,0.089684,0.02130267985895321,2.0,0.0,2.0,0.0,1.0,0.0,0.0,0.0,1.0,0.0,0.0,0.0,5,0.0,0.0,0.0,0.0,0
cifar10,20,2,mixed_maturity,access_full,dirichlet_lcb,benign_concept_drift,0.5,17,10,0.31389999999999996,0.010602148187578658,0.0748888888888889,0.03564782902369726,0.089684,0.021302679858953216,2.0,0.0,2.0,0.0,1.0,0.0,0.0,0.0,1.0,0.0,0.0,0.0,5,0.0,0.0,0.0,0.0,0
cifar10,20,2,mixed_maturity,access_full,dirichlet_lcb,benign_concept_drift,0.5,18,10,0.3134,0.011194313411952712,0.04344444444444444,0.03497240213443751,0.089684,0.021302679858953212,2.0,0.0,2.0,0.0,1.0,0.0,0.0,0.0,1.0,0.0,0.0,0.0,5,0.0,0.0,0.0,0.0,0
cifar10,20,2,mixed_maturity,access_full,dirichlet_lcb,benign_concept_drift,0.5,19,10,0.29894999999999994,0.01416479933787785,0.05627777777777778,0.04047365735362258,0.08968400000000001,0.021302679858953216,2.0,0.0,2.0,0.0,1.0,0.0,0.0,0.0,1.0,0.0,0.0,0.0,5,0.0,0.0,0.0,0.0,0
cifar10,20,2,mixed_maturity,access_full,dirichlet_lcb,benign_concept_drift,0.5,20,10,0.3177,0.0117523364586829,0.04572222222222223,0.029852162030729275,0.08968400000000001,0.021302679858953216,2.0,0.0,2.0,0.0,1.0,0.0,0.0,0.0,1.0,0.0,0.0,0.0,5,0.0,0.0,0.0,0.0,0
cifar10,20,2,mixed_maturity,access_full,dirichlet_lcb,benign_concept_drift,0.5,21,10,0.3195,0.012725402033884562,0.07466666666666667,0.04141156394344428,0.089684,0.021302679858953216,2.0,0.0,2.0,0.0,1.0,0.0,0.0,0.0,1.0,0.0,0.0,0.0,5,0.0,0.0,0.0,0.0,0
cifar10,20,2,mixed_maturity,access_full,dirichlet_lcb,benign_concept_drift,0.5,22,10,0.3154,0.019603041779087935,0.09050000000000001,0.05647892404219016,0.089684,0.021302679858953212,2.0,0.0,2.0,0.0,1.0,0.0,0.0,0.0,1.0,0.0,0.0,0.0,5,0.0,0.0,0.0,0.0,0
cifar10,20,2,mixed_maturity,access_full,dirichlet_lcb,benign_concept_drift,0.5,23,10,0.3348,0.010028046283987579,0.06072222222222223,0.04760134390233754,0.08968400000000001,0.021302679858953216,2.0,0.0,2.0,0.0,1.0,0.0,0.0,0.0,1.0,0.0,0.0,0.0,5,0.0,0.0,0.0,0.0,0
cifar10,20,2,mixed_maturity,access_full,dirichlet_lcb,benign_concept_drift,0.5,24,10,0.32604999999999995,0.017828555751971866,0.07577777777777778,0.047898725012075045,0.08968400000000001,0.021302679858953212,2.0,0.0,2.0,0.0,1.0,0.0,0.0,0.0,1.0,0.0,0.0,0.0,5,0.0,0.0,0.0,0.0,0
cifar10,20,2,mixed_maturity,access_full,dirichlet_lcb,benign_concept_drift,0.5,25,10,0.3321,0.008921749520367497,0.07472222222222222,0.02103973655198842,0.089684,0.021302679858953212,2.0,0.0,2.0,0.0,1.0,0.0,0.0,0.0,1.0,0.0,0.0,0.0,5,0.0,0.0,0.0,0.0,0
cifar10,20,2,mixed_maturity,access_full,dirichlet_lcb,benign_concept_drift,0.5,26,10,0.3262,0.019428522302372856,0.06116666666666666,0.05395769455470371,0.08968399999999999,0.02130267985895321,2.0,0.0,2.0,0.0,1.0,0.0,0.0,0.0,1.0,0.0,0.0,0.0,5,0.0,0.0,0.0,0.0,0
cifar10,20,2,mixed_maturity,access_full,dirichlet_lcb,benign_concept_drift,0.5,27,10,0.3308,0.019366232212023358,0.05377777777777778,0.027717559513263483,0.089684,0.02130267985895321,2.0,0.0,2.0,0.0,1.0,0.0,0.0,0.0,1.0,0.0,0.0,0.0,5,0.0,0.0,0.0,0.0,0
cifar10,20,2,mixed_maturity,access_full,dirichlet_lcb,benign_concept_drift,0.5,28,10,0.3247,0.00988240242842048,0.12683333333333333,0.03862326208295346,0.089684,0.02130267985895321,2.0,0.0,2.0,0.0,1.0,0.0,0.0,0.0,1.0,0.0,0.0,0.0,5,0.0,0.0,0.0,0.0,0
cifar10,20,2,mixed_maturity,access_full,dirichlet_lcb,benign_concept_drift,0.5,29,10,0.33535,0.012242673904940899,0.05388888888888889,0.04162451478244202,0.08968400000000001,0.021302679858953216,2.0,0.0,2.0,0.0,1.0,0.0,0.0,0.0,1.0,0.0,0.0,0.0,5,0.0,0.0,0.0,0.0,0
cifar10,20,2,mixed_maturity,access_full,dirichlet_lcb,benign_concept_drift,0.5,30,10,0.33575,0.011638145780593512,0.07505555555555556,0.030421898498093687,0.089684,0.02130267985895321,2.0,0.0,2.0,0.0,1.0,0.0,0.0,0.0,1.0,0.0,0.0,0.0,5,0.0,0.0,0.0,0.0,0
cifar10,20,2,mixed_maturity,access_full,dirichlet_lcb,benign_concept_drift,0.5,31,10,0.34199999999999997,0.009221354712578496,0.07949999999999999,0.031157164789915037,0.08968400000000001,0.021302679858953216,2.0,0.0,2.0,0.0,1.0,0.0,0.0,0.0,1.0,0.0,0.0,0.0,5,0.0,0.0,0.0,0.0,0
cifar10,20,2,mixed_maturity,access_full,dirichlet_lcb,benign_concept_drift,0.5,32,10,0.32144999999999996,0.014529407707888199,0.07072222222222221,0.051940442364619664,0.089684,0.02130267985895321,2.0,0.0,2.0,0.0,1.0,0.0,0.0,0.0,1.0,0.0,0.0,0.0,5,0.0,0.0,0.0,0.0,0
cifar10,20,2,mixed_maturity,access_full,dirichlet_lcb,benign_concept_drift,0.5,33,10,0.32535000000000003,0.012154110552829134,0.10505555555555557,0.062228558199581153,0.08968400000000001,0.021302679858953216,2.0,0.0,2.0,0.0,1.0,0.0,0.0,0.0,1.0,0.0,0.0,0.0,5,0.0,0.0,0.0,0.0,0
cifar10,20,2,mixed_maturity,access_full,dirichlet_lcb,benign_concept_drift,0.5,34,10,0.32920000000000005,0.014106222291435632,0.09033333333333335,0.03956954872162187,0.08968399999999999,0.02130267985895321,2.0,0.0,2.0,0.0,1.0,0.0,0.0,0.0,1.0,0.0,0.0,0.0,5,0.0,0.0,0.0,0.0,0
cifar10,20,2,mixed_maturity,access_full,dirichlet_lcb,benign_concept_drift,0.5,35,10,0.3387,0.012677502262553543,0.07650000000000001,0.0409281164145911,0.089684,0.02130267985895321,2.0,0.0,2.0,0.0,1.0,0.0,0.0,0.0,1.0,0.0,0.0,0.0,5,0.0,0.0,0.0,0.0,0
cifar10,20,2,mixed_maturity,access_full,dirichlet_lcb,benign_concept_drift,0.5,36,10,0.33385,0.015201264118684844,0.058166666666666665,0.025137907124060183,0.08968400000000001,0.021302679858953216,2.0,0.0,2.0,0.0,1.0,0.0,0.0,0.0,1.0,0.0,0.0,0.0,5,0.0,0.0,0.0,0.0,0
cifar10,20,2,mixed_maturity,access_full,dirichlet_lcb,benign_concept_drift,0.5,37,10,0.33199999999999996,0.015095179613047885,0.0781111111111111,0.0469932637201323,0.08968399999999999,0.02130267985895321,2.0,0.0,2.0,0.0,1.0,0.0,0.0,0.0,1.0,0.0,0.0,0.0,5,0.0,0.0,0.0,0.0,0
cifar10,20,2,mixed_maturity,access_full,dirichlet_lcb,benign_concept_drift,0.5,38,10,0.32999999999999996,0.020492336119781972,0.08,0.06351631240749642,0.08968400000000001,0.021302679858953216,2.0,0.0,2.0,0.0,1.0,0.0,0.0,0.0,1.0,0.0,0.0,0.0,5,0.0,0.0,0.0,0.0,0
cifar10,20,2,mixed_maturity,access_full,dirichlet_lcb,benign_concept_drift,0.5,39,10,0.32875,0.013319487544563425,0.11066666666666666,0.057992172149963654,0.089684,0.021302679858953212,2.0,0.0,2.0,0.0,1.0,0.0,0.0,0.0,1.0,0.0,0.0,0.0,5,0.0,0.0,0.0,0.0,0
cifar10,20,2,mixed_maturity,access_full,dirichlet_lcb,benign_concept_drift,0.5,40,10,0.33544999999999997,0.016778682293131803,0.09172222222222222,0.07322548716308355,0.08968400000000001,0.021302679858953212,2.0,0.0,2.0,0.0,1.0,0.0,0.0,0.0,1.0,0.0,0.0,0.0,5,0.0,0.0,0.0,0.0,0
cifar10,20,2,mixed_maturity,access_full,dirichlet_lcb,benign_concept_drift,0.5,41,10,0.34290000000000004,0.01455223429609105,0.0455,0.028946869572326565,0.08968400000000001,0.021302679858953216,2.0,0.0,2.0,0.0,1.0,0.0,0.0,0.0,1.0,0.0,0.0,0.0,5,0.0,0.0,0.0,0.0,0
cifar10,20,2,mixed_maturity,access_full,dirichlet_lcb,benign_concept_drift,0.5,42,10,0.33904999999999996,0.018888560775592332,0.079,0.03937151677658972,0.089684,0.02130267985895321,2.0,0.0,2.0,0.0,1.0,0.0,0.0,0.0,1.0,0.0,0.0,0.0,5,0.0,0.0,0.0,0.0,0
cifar10,20,2,mixed_maturity,access_full,dirichlet_lcb,benign_concept_drift,0.5,43,10,0.3342,0.014792885889799311,0.09227777777777778,0.054855371728418395,0.089684,0.021302679858953212,2.0,0.0,2.0,0.0,1.0,0.0,0.0,0.0,1.0,0.0,0.0,0.0,5,0.0,0.0,0.0,0.0,0
cifar10,20,2,mixed_maturity,access_full,dirichlet_lcb,benign_concept_drift,0.5,44,10,0.34290000000000004,0.013532877173571599,0.0445,0.02924782706587775,0.08968400000000001,0.021302679858953216,2.0,0.0,2.0,0.0,1.0,0.0,0.0,0.0,1.0,0.0,0.0,0.0,5,0.0,0.0,0.0,0.0,0
cifar10,20,2,mixed_maturity,access_full,dirichlet_lcb,benign_concept_drift,0.5,45,10,0.32935000000000003,0.013230396563832986,0.09255555555555556,0.05553222170759299,0.089684,0.021302679858953212,2.0,0.0,2.0,0.0,1.0,0.0,0.0,0.0,1.0,0.0,0.0,0.0,5,0.0,0.0,0.0,0.0,0
cifar10,20,2,mixed_maturity,access_full,dirichlet_lcb,benign_concept_drift,0.5,46,10,0.33635000000000004,0.014667288125792408,0.09461111111111112,0.04821636911460128,0.089684,0.021302679858953216,2.0,0.0,2.0,0.0,1.0,0.0,0.0,0.0,1.0,0.0,0.0,0.0,5,0.0,0.0,0.0,0.0,0
cifar10,20,2,mixed_maturity,access_full,dirichlet_lcb,benign_concept_drift,0.5,47,10,0.33175,0.01176206919410411,0.09622222222222221,0.058787136768264255,0.089684,0.021302679858953212,2.0,0.0,2.0,0.0,1.0,0.0,0.0,0.0,1.0,0.0,0.0,0.0,5,0.0,0.0,0.0,0.0,0
cifar10,20,2,mixed_maturity,access_full,dirichlet_lcb,benign_concept_drift,0.5,48,10,0.34575,0.010063492312083347,0.05872222222222222,0.0356252994330636,0.089684,0.021302679858953212,2.0,0.0,2.0,0.0,1.0,0.0,0.0,0.0,1.0,0.0,0.0,0.0,5,0.0,0.0,0.0,0.0,0
cifar10,20,2,mixed_maturity,access_full,dirichlet_lcb,benign_concept_drift,0.5,49,10,0.34285,0.008590986724970866,0.06661111111111112,0.02949340356585761,0.089684,0.021302679858953216,2.0,0.0,2.0,0.0,1.0,0.0,0.0,0.0,1.0,0.0,0.0,0.0,5,0.0,0.0,0.0,0.0,0
cifar10,20,2,mixed_maturity,access_full,dirichlet_lcb,benign_concept_drift,0.5,50,10,0.34475,0.012854602886917624,0.08005555555555553,0.044049959030202326,0.089684,0.021302679858953212,2.0,0.0,2.0,0.0,1.0,0.0,0.0,0.0,1.0,0.0,0.0,0.0,5,0.0,0.0,0.0,0.0,0
cifar10,20,2,mixed_maturity,access_full,dirichlet_lcb,diverse_then_repeat_backdoor,0.5,1,10,0.1459,0.025922189122143023,0.28561111111111115,0.3105854977977058,0.0471718665779486,0.011456778870236174,2.0,0.0,2.0,0.0,1.0,0.0,1.0,0.0,0.0,0.0,0.0,0.0,5,0.0,0.0,0.0,0.0,0
cifar10,20,2,mixed_maturity,access_full,dirichlet_lcb,diverse_then_repeat_backdoor,0.5,2,10,0.20400000000000001,0.020077485588342176,0.04277777777777778,0.04569510154070609,0.04717186657794859,0.01145677887023617,2.0,0.0,2.0,0.0,1.0,0.0,1.0,0.0,0.0,0.0,0.0,0.0,5,0.0,0.0,0.0,0.0,0
cifar10,20,2,mixed_maturity,access_full,dirichlet_lcb,diverse_then_repeat_backdoor,0.5,3,10,0.22489999999999996,0.01584568923974834,0.0698888888888889,0.08524663105566932,0.0471718665779486,0.011456778870236174,2.0,0.0,2.0,0.0,1.0,0.0,1.0,0.0,0.0,0.0,0.0,0.0,5,0.0,0.0,0.0,0.0,0
cifar10,20,2,mixed_maturity,access_full,dirichlet_lcb,diverse_then_repeat_backdoor,0.5,4,10,0.24745,0.014688981154887655,0.08766666666666666,0.06951055147616089,0.0471718665779486,0.01145677887023617,2.0,0.0,2.0,0.0,1.0,0.0,1.0,0.0,0.0,0.0,0.0,0.0,5,0.0,0.0,0.0,0.0,0
cifar10,20,2,mixed_maturity,access_full,dirichlet_lcb,diverse_then_repeat_backdoor,0.5,5,10,0.26844999999999997,0.019402348189987217,0.07561111111111112,0.06436207021328422,0.089684,0.02130267985895321,2.0,0.0,2.0,0.0,1.0,0.0,0.0,0.0,1.0,0.0,0.0,0.0,5,0.0,0.0,0.0,0.0,0
cifar10,20,2,mixed_maturity,access_full,dirichlet_lcb,diverse_then_repeat_backdoor,0.5,6,10,0.26755,0.016935528129468743,0.14805555555555555,0.08114545336235943,0.089684,0.02130267985895321,2.0,0.0,2.0,0.0,1.0,0.0,0.0,0.0,1.0,0.0,0.0,0.0,5,0.0,0.0,0.0,0.0,0
cifar10,20,2,mixed_maturity,access_full,dirichlet_lcb,diverse_then_repeat_backdoor,0.5,7,10,0.27405,0.019278872302555657,0.1598888888888889,0.06398560612609608,0.089684,0.021302679858953212,2.0,0.0,2.0,0.0,1.0,0.0,0.0,0.0,1.0,0.0,0.0,0.0,5,0.0,0.0,0.0,0.0,0
cifar10,20,2,mixed_maturity,access_full,dirichlet_lcb,diverse_then_repeat_backdoor,0.5,8,10,0.28755000000000003,0.011803328733134593,0.1186666666666667,0.08297351659905632,0.08968400000000001,0.021302679858953216,2.0,0.0,2.0,0.0,1.0,0.0,0.0,0.0,1.0,0.0,0.0,0.0,5,0.0,0.0,0.0,0.0,0
cifar10,20,2,mixed_maturity,access_full,dirichlet_lcb,diverse_then_repeat_backdoor,0.5,9,10,0.28240000000000004,0.017152661556701938,0.10011111111111112,0.07550891950339311,0.089684,0.02130267985895321,2.0,0.0,2.0,0.0,1.0,0.0,0.0,0.0,1.0,0.0,0.0,0.0,5,0.0,0.0,0.0,0.0,0
cifar10,20,2,mixed_maturity,access_full,dirichlet_lcb,diverse_then_repeat_backdoor,0.5,10,10,0.286,0.01080296831504677,0.1808888888888889,0.09471627434837013,0.08968400000000001,0.021302679858953212,2.0,0.0,2.0,0.0,1.0,0.0,0.0,0.0,1.0,0.0,0.0,0.0,5,0.0,0.0,0.0,0.0,0
cifar10,20,2,mixed_maturity,access_full,dirichlet_lcb,diverse_then_repeat_backdoor,0.5,11,10,0.30095,0.01440067328532907,0.16649999999999998,0.10527319148297083,0.089684,0.021302679858953212,2.0,0.0,2.0,0.0,1.0,0.0,0.0,0.0,1.0,0.0,0.0,0.0,5,0.0,0.0,0.0,0.0,0
cifar10,20,2,mixed_maturity,access_full,dirichlet_lcb,diverse_then_repeat_backdoor,0.5,12,10,0.29430000000000006,0.017315479524425033,0.1451666666666667,0.08419273087261474,0.08968400000000001,0.02130267985895321,2.0,0.0,2.0,0.0,1.0,0.0,0.0,0.0,1.0,0.0,0.0,0.0,5,0.0,0.0,0.0,0.0,0
cifar10,20,2,mixed_maturity,access_full,dirichlet_lcb,diverse_then_repeat_backdoor,0.5,13,10,0.2969,0.014326796928175565,0.2016111111111111,0.10319888950862997,0.08968399999999999,0.021302679858953216,2.0,0.0,2.0,0.0,1.0,0.0,0.0,0.0,1.0,0.0,0.0,0.0,5,0.0,0.0,0.0,0.0,0
cifar10,20,2,mixed_maturity,access_full,dirichlet_lcb,diverse_then_repeat_backdoor,0.5,14,10,0.30665000000000003,0.016079227887641802,0.10899999999999999,0.0641324454879958,0.089684,0.02130267985895321,2.0,0.0,2.0,0.0,1.0,0.0,0.0,0.0,1.0,0.0,0.0,0.0,5,0.0,0.0,0.0,0.0,0
cifar10,20,2,mixed_maturity,access_full,dirichlet_lcb,diverse_then_repeat_backdoor,0.5,15,10,0.30294999999999994,0.015986488594927593,0.20566666666666666,0.11136220803964836,0.08968400000000001,0.021302679858953212,2.0,0.0,2.0,0.0,1.0,0.0,0.0,0.0,1.0,0.0,0.0,0.0,5,0.0,0.0,0.0,0.0,0
cifar10,20,2,mixed_maturity,access_full,dirichlet_lcb,diverse_then_repeat_backdoor,0.5,16,10,0.30565,0.017705023207443785,0.10666666666666666,0.0726662738959388,0.08968399999999999,0.02130267985895321,2.0,0.0,2.0,0.0,1.0,0.0,0.0,0.0,1.0,0.0,0.0,0.0,5,0.0,0.0,0.0,0.0,0
cifar10,20,2,mixed_maturity,access_full,dirichlet_lcb,diverse_then_repeat_backdoor,0.5,17,10,0.30865,0.013222873552490336,0.17400000000000002,0.09870703597840746,0.08968400000000001,0.021302679858953212,2.0,0.0,2.0,0.0,1.0,0.0,0.0,0.0,1.0,0.0,0.0,0.0,5,0.0,0.0,0.0,0.0,0
cifar10,20,2,mixed_maturity,access_full,dirichlet_lcb,diverse_then_repeat_backdoor,0.5,18,10,0.30705,0.012258222668678152,0.20305555555555554,0.10769847147370412,0.089684,0.02130267985895321,2.0,0.0,2.0,0.0,1.0,0.0,0.0,0.0,1.0,0.0,0.0,0.0,5,0.0,0.0,0.0,0.0,0
cifar10,20,2,mixed_maturity,access_full,dirichlet_lcb,diverse_then_repeat_backdoor,0.5,19,10,0.304,0.012097783013225925,0.229,0.09318581935536455,0.08968400000000001,0.021302679858953216,2.0,0.0,2.0,0.0,1.0,0.0,0.0,0.0,1.0,0.0,0.0,0.0,5,0.0,0.0,0.0,0.0,0
cifar10,20,2,mixed_maturity,access_full,dirichlet_lcb,diverse_then_repeat_backdoor,0.5,20,10,0.3255,0.015388951193998739,0.16277777777777777,0.07541571098258074,0.08968400000000001,0.021302679858953212,2.0,0.0,2.0,0.0,1.0,0.0,0.0,0.0,1.0,0.0,0.0,0.0,5,0.0,0.0,0.0,0.0,0
cifar10,20,2,mixed_maturity,access_full,dirichlet_lcb,diverse_then_repeat_backdoor,0.5,21,10,0.30779999999999996,0.013334367006519026,0.22233333333333333,0.09924428082425463,0.08968399999999999,0.02130267985895321,2.0,0.0,2.0,0.0,1.0,0.0,0.0,0.0,1.0,0.0,0.0,0.0,5,0.0,0.0,0.0,0.0,0
cifar10,20,2,mixed_maturity,access_full,dirichlet_lcb,diverse_then_repeat_backdoor,0.5,22,10,0.31775000000000003,0.014608244663721525,0.21522222222222226,0.08126084802961922,0.08968399999999999,0.02130267985895321,2.0,0.0,2.0,0.0,1.0,0.0,0.0,0.0,1.0,0.0,0.0,0.0,5,0.0,0.0,0.0,0.0,0
cifar10,20,2,mixed_maturity,access_full,dirichlet_lcb,diverse_then_repeat_backdoor,0.5,23,10,0.3189,0.015731347342553804,0.25822222222222224,0.1502162819845435,0.089684,0.021302679858953212,2.0,0.0,2.0,0.0,1.0,0.0,0.0,0.0,1.0,0.0,0.0,0.0,5,0.0,0.0,0.0,0.0,0
cifar10,20,2,mixed_maturity,access_full,dirichlet_lcb,diverse_then_repeat_backdoor,0.5,24,10,0.32599999999999996,0.00922751872042764,0.21816666666666662,0.09466750481278513,0.08968400000000001,0.021302679858953216,2.0,0.0,2.0,0.0,1.0,0.0,0.0,0.0,1.0,0.0,0.0,0.0,5,0.0,0.0,0.0,0.0,0
cifar10,20,2,mixed_maturity,access_full,dirichlet_lcb,diverse_then_repeat_backdoor,0.5,25,10,0.32439999999999997,0.014192219486369336,0.2506111111111111,0.08840369743439122,0.089684,0.02130267985895321,2.0,0.0,2.0,0.0,1.0,0.0,0.0,0.0,1.0,0.0,0.0,0.0,5,0.0,0.0,0.0,0.0,0
cifar10,20,2,mixed_maturity,access_full,dirichlet_lcb,diverse_then_repeat_backdoor,0.5,26,10,0.32565,0.00961978473072696,0.1882222222222222,0.12276953394124226,0.089684,0.02130267985895321,2.0,0.0,2.0,0.0,1.0,0.0,0.0,0.0,1.0,0.0,0.0,0.0,5,0.0,0.0,0.0,0.0,0
cifar10,20,2,mixed_maturity,access_full,dirichlet_lcb,diverse_then_repeat_backdoor,0.5,27,10,0.3225,0.01345407816547984,0.22633333333333333,0.11922500288590658,0.089684,0.02130267985895321,2.0,0.0,2.0,0.0,1.0,0.0,0.0,0.0,1.0,0.0,0.0,0.0,5,0.0,0.0,0.0,0.0,0
cifar10,20,2,mixed_maturity,access_full,dirichlet_lcb,diverse_then_repeat_backdoor,0.5,28,10,0.3357,0.011319830826083416,0.3032777777777778,0.10240046539186408,0.089684,0.021302679858953212,2.0,0.0,2.0,0.0,1.0,0.0,0.0,0.0,1.0,0.0,0.0,0.0,5,0.0,0.0,0.0,0.0,0
cifar10,20,2,mixed_maturity,access_full,dirichlet_lcb,diverse_then_repeat_backdoor,0.5,29,10,0.3364500000000001,0.008198824474951029,0.2381666666666667,0.11748406302495536,0.08968400000000001,0.021302679858953216,2.0,0.0,2.0,0.0,1.0,0.0,0.0,0.0,1.0,0.0,0.0,0.0,5,0.0,0.0,0.0,0.0,0
cifar10,20,2,mixed_maturity,access_full,dirichlet_lcb,diverse_then_repeat_backdoor,0.5,30,10,0.31775000000000003,0.013153027680904381,0.2217222222222222,0.12453459635490613,0.089684,0.02130267985895321,2.0,0.0,2.0,0.0,1.0,0.0,0.0,0.0,1.0,0.0,0.0,0.0,5,0.0,0.0,0.0,0.0,0
cifar10,20,2,mixed_maturity,access_full,dirichlet_lcb,diverse_then_repeat_backdoor,0.5,31,10,0.3326,0.008715423482735287,0.29361111111111116,0.0683802626006315,0.089684,0.021302679858953212,2.0,0.0,2.0,0.0,1.0,0.0,0.0,0.0,1.0,0.0,0.0,0.0,5,0.0,0.0,0.0,0.0,0
cifar10,20,2,mixed_maturity,access_full,dirichlet_lcb,diverse_then_repeat_backdoor,0.5,32,10,0.33065,0.008107465933481063,0.2747222222222222,0.0753557087135333,0.08968399999999999,0.02130267985895321,2.0,0.0,2.0,0.0,1.0,0.0,0.0,0.0,1.0,0.0,0.0,0.0,5,0.0,0.0,0.0,0.0,0
cifar10,20,2,mixed_maturity,access_full,dirichlet_lcb,diverse_then_repeat_backdoor,0.5,33,10,0.32199999999999995,0.012851008469856514,0.2613888888888889,0.09767336008715907,0.08968400000000001,0.021302679858953216,2.0,0.0,2.0,0.0,1.0,0.0,0.0,0.0,1.0,0.0,0.0,0.0,5,0.0,0.0,0.0,0.0,0
cifar10,20,2,mixed_maturity,access_full,dirichlet_lcb,diverse_then_repeat_backdoor,0.5,34,10,0.3339,0.015661615448273,0.32761111111111113,0.12004687710595828,0.089684,0.021302679858953212,2.0,0.0,2.0,0.0,1.0,0.0,0.0,0.0,1.0,0.0,0.0,0.0,5,0.0,0.0,0.0,0.0,0
cifar10,20,2,mixed_maturity,access_full,dirichlet_lcb,diverse_then_repeat_backdoor,0.5,35,10,0.3382,0.011061976796586508,0.2926111111111111,0.14464056596953417,0.08968400000000001,0.021302679858953216,2.0,0.0,2.0,0.0,1.0,0.0,0.0,0.0,1.0,0.0,0.0,0.0,5,0.0,0.0,0.0,0.0,0
cifar10,20,2,mixed_maturity,access_full,dirichlet_lcb,diverse_then_repeat_backdoor,0.5,36,10,0.33055,0.016568102824517563,0.27377777777777773,0.1395702231878934,0.089684,0.02130267985895321,2.0,0.0,2.0,0.0,1.0,0.0,0.0,0.0,1.0,0.0,0.0,0.0,5,0.0,0.0,0.0,0.0,0
cifar10,20,2,mixed_maturity,access_full,dirichlet_lcb,diverse_then_repeat_backdoor,0.5,37,10,0.33385,0.016945261819337844,0.3328888888888889,0.1402376771426433,0.08968399999999999,0.021302679858953212,2.0,0.0,2.0,0.0,1.0,0.0,0.0,0.0,1.0,0.0,0.0,0.0,5,0.0,0.0,0.0,0.0,0
cifar10,20,2,mixed_maturity,access_full,dirichlet_lcb,diverse_then_repeat_backdoor,0.5,38,10,0.34854999999999997,0.01235754755236027,0.35444444444444445,0.09658254040586524,0.089684,0.021302679858953212,2.0,0.0,2.0,0.0,1.0,0.0,0.0,0.0,1.0,0.0,0.0,0.0,5,0.0,0.0,0.0,0.0,0
cifar10,20,2,mixed_maturity,access_full,dirichlet_lcb,diverse_then_repeat_backdoor,0.5,39,10,0.33870000000000006,0.011683189482279253,0.31516666666666665,0.12328935889214881,0.08968399999999999,0.02130267985895321,2.0,0.0,2.0,0.0,1.0,0.0,0.0,0.0,1.0,0.0,0.0,0.0,5,0.0,0.0,0.0,0.0,0
cifar10,20,2,mixed_maturity,access_full,dirichlet_lcb,diverse_then_repeat_backdoor,0.5,40,10,0.3407,0.015611069929398312,0.363,0.09847463839078552,0.08968400000000001,0.021302679858953216,2.0,0.0,2.0,0.0,1.0,0.0,0.0,0.0,1.0,0.0,0.0,0.0,5,0.0,0.0,0.0,0.0,0
cifar10,20,2,mixed_maturity,access_full,dirichlet_lcb,diverse_then_repeat_backdoor,0.5,41,10,0.3382,0.014839896586788344,0.34972222222222216,0.13076862506073217,0.089684,0.021302679858953216,2.0,0.0,2.0,0.0,1.0,0.0,0.0,0.0,1.0,0.0,0.0,0.0,5,0.0,0.0,0.0,0.0,0
cifar10,20,2,mixed_maturity,access_full,dirichlet_lcb,diverse_then_repeat_backdoor,0.5,42,10,0.33785,0.014171421122576779,0.37427777777777776,0.1362314679423689,0.08968400000000001,0.021302679858953212,2.0,0.0,2.0,0.0,1.0,0.0,0.0,0.0,1.0,0.0,0.0,0.0,5,0.0,0.0,0.0,0.0,0
cifar10,20,2,mixed_maturity,access_full,dirichlet_lcb,diverse_then_repeat_backdoor,0.5,43,10,0.34619999999999995,0.010126786004708122,0.32761111111111113,0.1121672855295603,0.089684,0.021302679858953212,2.0,0.0,2.0,0.0,1.0,0.0,0.0,0.0,1.0,0.0,0.0,0.0,5,0.0,0.0,0.0,0.0,0
cifar10,20,2,mixed_maturity,access_full,dirichlet_lcb,diverse_then_repeat_backdoor,0.5,44,10,0.3499,0.01006426916760228,0.34905555555555556,0.08318577487359644,0.089684,0.02130267985895321,2.0,0.0,2.0,0.0,1.0,0.0,0.0,0.0,1.0,0.0,0.0,0.0,5,0.0,0.0,0.0,0.0,0
cifar10,20,2,mixed_maturity,access_full,dirichlet_lcb,diverse_then_repeat_backdoor,0.5,45,10,0.34665,0.01437261236401314,0.4,0.15375694286146785,0.089684,0.021302679858953212,2.0,0.0,2.0,0.0,1.0,0.0,0.0,0.0,1.0,0.0,0.0,0.0,5,0.0,0.0,0.0,0.0,0
cifar10,20,2,mixed_maturity,access_full,dirichlet_lcb,diverse_then_repeat_backdoor,0.5,46,10,0.32985000000000003,0.013717796390500499,0.3943888888888889,0.17525152232158656,0.08968399999999999,0.02130267985895321,2.0,0.0,2.0,0.0,1.0,0.0,0.0,0.0,1.0,0.0,0.0,0.0,5,0.0,0.0,0.0,0.0,0
cifar10,20,2,mixed_maturity,access_full,dirichlet_lcb,diverse_then_repeat_backdoor,0.5,47,10,0.3477,0.008776210978519184,0.3915,0.0810543097638768,0.089684,0.02130267985895321,2.0,0.0,2.0,0.0,1.0,0.0,0.0,0.0,1.0,0.0,0.0,0.0,5,0.0,0.0,0.0,0.0,0
cifar10,20,2,mixed_maturity,access_full,dirichlet_lcb,diverse_then_repeat_backdoor,0.5,48,10,0.34480000000000005,0.011861893588413644,0.37633333333333335,0.12394511306882675,0.08968400000000001,0.021302679858953216,2.0,0.0,2.0,0.0,1.0,0.0,0.0,0.0,1.0,0.0,0.0,0.0,5,0.0,0.0,0.0,0.0,0
cifar10,20,2,mixed_maturity,access_full,dirichlet_lcb,diverse_then_repeat_backdoor,0.5,49,10,0.34120000000000006,0.011904956552154592,0.3926666666666666,0.12710151406546477,0.08968399999999999,0.02130267985895321,2.0,0.0,2.0,0.0,1.0,0.0,0.0,0.0,1.0,0.0,0.0,0.0,5,0.0,0.0,0.0,0.0,0
cifar10,20,2,mixed_maturity,access_full,dirichlet_lcb,diverse_then_repeat_backdoor,0.5,50,10,0.3519,0.014154107652661013,0.3411111111111111,0.11359523544411454,0.08968400000000001,0.021302679858953212,2.0,0.0,2.0,0.0,1.0,0.0,0.0,0.0,1.0,0.0,0.0,0.0,5,0.0,0.0,0.0,0.0,0
cifar10,20,2,mixed_maturity,rffl_reputation,dirichlet_lcb,benign_concept_drift,0.5,1,10,0.15649999999999997,0.0329500186486281,0.27427777777777773,0.29505718251001317,0.09999999999999998,0.0,2.0,0.0,2.0,0.0,1.0,0.0,0.0,0.0,1.0,0.0,0.0,0.0,5,0.0,0.0,0.0,0.0,0
cifar10,20,2,mixed_maturity,rffl_reputation,dirichlet_lcb,benign_concept_drift,0.5,2,10,0.20534999999999998,0.018068997546914954,0.051555555555555556,0.09022540550914283,0.0975495548811749,0.0029386273805833652,2.0,0.0,2.0,0.0,1.0,0.0,0.0,0.0,1.0,0.0,0.0,0.0,5,0.0,0.0,0.0,0.0,0
cifar10,20,2,mixed_maturity,rffl_reputation,dirichlet_lcb,benign_concept_drift,0.5,3,10,0.22634999999999997,0.020531179389959874,0.10900000000000001,0.08756003387083615,0.09740401829159058,0.004765490611488223,2.0,0.0,2.0,0.0,1.0,0.0,0.0,0.0,1.0,0.0,0.0,0.0,5,0.0,0.0,0.0,0.0,0
cifar10,20,2,mixed_maturity,rffl_reputation,dirichlet_lcb,benign_concept_drift,0.5,4,10,0.24734999999999996,0.017406242241399052,0.10250000000000001,0.10914920168181326,0.09708055267528179,0.0031467077092973126,2.0,0.0,2.0,0.0,1.0,0.0,0.0,0.0,1.0,0.0,0.0,0.0,5,0.0,0.0,0.0,0.0,0
cifar10,20,2,mixed_maturity,rffl_reputation,dirichlet_lcb,benign_concept_drift,0.5,5,10,0.2703,0.01218348930097499,0.09916666666666667,0.0407847379334835,0.09727040398437176,0.0052216765954590655,2.0,0.0,2.0,0.0,1.0,0.0,0.0,0.0,1.0,0.0,0.0,0.0,5,0.0,0.0,0.0,0.0,0
cifar10,20,2,mixed_maturity,rffl_reputation,dirichlet_lcb,benign_concept_drift,0.5,6,10,0.26595,0.022377354244742985,0.10194444444444443,0.06453139005705948,0.09818264812685265,0.004476121198348891,2.0,0.0,2.0,0.0,1.0,0.0,0.0,0.0,1.0,0.0,0.0,0.0,5,0.0,0.0,0.0,0.0,0
cifar10,20,2,mixed_maturity,rffl_reputation,dirichlet_lcb,benign_concept_drift,0.5,7,10,0.28245,0.01165303737925549,0.06805555555555556,0.06582726772539715,0.100004265664698,0.007114980464257339,2.0,0.0,2.0,0.0,1.0,0.0,0.0,0.0,1.0,0.0,0.0,0.0,5,0.0,0.0,0.0,0.0,0
cifar10,20,2,mixed_maturity,rffl_reputation,dirichlet_lcb,benign_concept_drift,0.5,8,10,0.29734999999999995,0.014109093951184745,0.07594444444444444,0.03298140588224058,0.10113065393623107,0.00677649862323234,2.0,0.0,2.0,0.0,1.0,0.0,0.0,0.0,1.0,0.0,0.0,0.0,5,0.0,0.0,0.0,0.0,0
cifar10,20,2,mixed_maturity,rffl_reputation,dirichlet_lcb,benign_concept_drift,0.5,9,10,0.28125000000000006,0.014195674573169849,0.0785,0.06668091543597575,0.10442265892684377,0.006529290204636851,2.0,0.0,2.0,0.0,1.0,0.0,0.0,0.0,1.0,0.0,0.0,0.0,5,0.0,0.0,0.0,0.0,0
cifar10,20,2,mixed_maturity,rffl_reputation,dirichlet_lcb,benign_concept_drift,0.5,10,10,0.29445,0.014356185158790984,0.05444444444444444,0.0342330597588386,0.1107484938023606,0.009506561073357341,2.0,0.0,2.0,0.0,1.0,0.0,0.0,0.0,1.0,0.0,0.0,0.0,5,0.0,0.0,0.0,0.0,0
cifar10,20,2,mixed_maturity,rffl_reputation,dirichlet_lcb,benign_concept_drift,0.5,11,10,0.28945000000000004,0.012600179296081373,0.09227777777777778,0.0485122410575459,0.10765288771784451,0.009579111728269972,2.0,0.0,2.0,0.0,1.0,0.0,0.0,0.0,1.0,0.0,0.0,0.0,5,0.0,0.0,0.0,0.0,0
cifar10,20,2,mixed_maturity,rffl_reputation,dirichlet_lcb,benign_concept_drift,0.5,12,10,0.308,0.01834533680313162,0.09944444444444445,0.07436354880666526,0.10827263502254561,0.01168039533888501,2.0,0.0,2.0,0.0,1.0,0.0,0.0,0.0,1.0,0.0,0.0,0.0,5,0.0,0.0,0.0,0.0,0
cifar10,20,2,mixed_maturity,rffl_reputation,dirichlet_lcb,benign_concept_drift,0.5,13,10,0.30365,0.014978952225297064,0.06777777777777778,0.0605547371855767,0.10671838053939653,0.012437479560441236,2.0,0.0,2.0,0.0,1.0,0.0,0.0,0.0,1.0,0.0,0.0,0.0,5,0.0,0.0,0.0,0.0,0
cifar10,20,2,mixed_maturity,rffl_reputation,dirichlet_lcb,benign_concept_drift,0.5,14,10,0.29495,0.013358065181966007,0.12816666666666665,0.06364825810036706,0.11280186023954138,0.01114947169166333,2.0,0.0,2.0,0.0,1.0,0.0,0.0,0.0,1.0,0.0,0.0,0.0,5,0.0,0.0,0.0,0.0,0
cifar10,20,2,mixed_maturity,rffl_reputation,dirichlet_lcb,benign_concept_drift,0.5,15,10,0.30720000000000003,0.014385612165661104,0.07466666666666667,0.07858821160966707,0.1124705977623004,0.013391638280007468,2.0,0.0,2.0,0.0,1.0,0.0,0.0,0.0,1.0,0.0,0.0,0.0,5,0.0,0.0,0.0,0.0,0
cifar10,20,2,mixed_maturity,rffl_reputation,dirichlet_lcb,benign_concept_drift,0.5,16,10,0.30065,0.01667722001187506,0.05177777777777778,0.0458583386943089,0.10986608274557101,0.01586779646576625,2.0,0.0,2.0,0.0,1.0,0.0,0.0,0.0,1.0,0.0,0.0,0.0,5,0.0,0.0,0.0,0.0,0
cifar10,20,2,mixed_maturity,rffl_reputation,dirichlet_lcb,benign_concept_drift,0.5,17,10,0.30965000000000004,0.01323469350747998,0.07705555555555556,0.04107577973584928,0.10908726526676435,0.014073473878726279,2.0,0.0,2.0,0.0,1.0,0.0,0.0,0.0,1.0,0.0,0.0,0.0,5,0.0,0.0,0.0,0.0,0
cifar10,20,2,mixed_maturity,rffl_reputation,dirichlet_lcb,benign_concept_drift,0.5,18,10,0.32055,0.014832471140805065,0.09377777777777778,0.06019249536705416,0.10855370240717648,0.013940020748835897,2.0,0.0,2.0,0.0,1.0,0.0,0.0,0.0,1.0,0.0,0.0,0.0,5,0.0,0.0,0.0,0.0,0
cifar10,20,2,mixed_maturity,rffl_reputation,dirichlet_lcb,benign_concept_drift,0.5,19,10,0.31434999999999996,0.0184573865344302,0.0816111111111111,0.03935620283121412,0.10728177197532703,0.01315975229197772,2.0,0.0,2.0,0.0,1.0,0.0,0.0,0.0,1.0,0.0,0.0,0.0,5,0.0,0.0,0.0,0.0,0
cifar10,20,2,mixed_maturity,rffl_reputation,dirichlet_lcb,benign_concept_drift,0.5,20,10,0.3229000000000001,0.012160833622487613,0.07522222222222222,0.04948100730553296,0.1037204921367163,0.012237631214264246,2.0,0.0,2.0,0.0,1.0,0.0,0.0,0.0,1.0,0.0,0.0,0.0,5,0.0,0.0,0.0,0.0,0
cifar10,20,2,mixed_maturity,rffl_reputation,dirichlet_lcb,benign_concept_drift,0.5,21,10,0.3171,0.013054909661597204,0.1045,0.06140241807743906,0.10598001750878314,0.011251691842996897,2.0,0.0,2.0,0.0,1.0,0.0,0.0,0.0,1.0,0.0,0.0,0.0,5,0.0,0.0,0.0,0.0,0
cifar10,20,2,mixed_maturity,rffl_reputation,dirichlet_lcb,benign_concept_drift,0.5,22,10,0.31775,0.012821385372707755,0.08283333333333333,0.04453531745003884,0.10490926229409472,0.011683603388412369,2.0,0.0,2.0,0.0,1.0,0.0,0.0,0.0,1.0,0.0,0.0,0.0,5,0.0,0.0,0.0,0.0,0
cifar10,20,2,mixed_maturity,rffl_reputation,dirichlet_lcb,benign_concept_drift,0.5,23,10,0.3251,0.010356628863294068,0.08122222222222222,0.06320715975389186,0.10631252216333545,0.013111495244923829,2.0,0.0,2.0,0.0,1.0,0.0,0.0,0.0,1.0,0.0,0.0,0.0,5,0.0,0.0,0.0,0.0,0
cifar10,20,2,mixed_maturity,rffl_reputation,dirichlet_lcb,benign_concept_drift,0.5,24,10,0.34055,0.013393135822540057,0.07766666666666666,0.034019030007523925,0.10655068311638535,0.012237285307154485,2.0,0.0,2.0,0.0,1.0,0.0,0.0,0.0,1.0,0.0,0.0,0.0,5,0.0,0.0,0.0,0.0,0
cifar10,20,2,mixed_maturity,rffl_reputation,dirichlet_lcb,benign_concept_drift,0.5,25,10,0.3186,0.017882968814622393,0.12149999999999998,0.07772143652335788,0.1066913022452695,0.013814722896896347,2.0,0.0,2.0,0.0,1.0,0.0,0.0,0.0,1.0,0.0,0.0,0.0,5,0.0,0.0,0.0,0.0,0
cifar10,20,2,mixed_maturity,rffl_reputation,dirichlet_lcb,benign_concept_drift,0.5,26,10,0.3284,0.011099948254519926,0.05049999999999999,0.03443569606855734,0.11000591581990313,0.011241868928521673,2.0,0.0,2.0,0.0,1.0,0.0,0.0,0.0,1.0,0.0,0.0,0.0,5,0.0,0.0,0.0,0.0,0
cifar10,20,2,mixed_maturity,rffl_reputation,dirichlet_lcb,benign_concept_drift,0.5,27,10,0.3297,0.009773926871789273,0.05577777777777777,0.040465049551522705,0.1053525890029912,0.01292936077592171,2.0,0.0,2.0,0.0,1.0,0.0,0.0,0.0,1.0,0.0,0.0,0.0,5,0.0,0.0,0.0,0.0,0
cifar10,20,2,mixed_maturity,rffl_reputation,dirichlet_lcb,benign_concept_drift,0.5,28,10,0.32865,0.015781192379175194,0.06272222222222222,0.030047519090093136,0.11191288000217173,0.010603523778294455,2.0,0.0,2.0,0.0,1.0,0.0,0.0,0.0,1.0,0.0,0.0,0.0,5,0.0,0.0,0.0,0.0,0
cifar10,20,2,mixed_maturity,rffl_reputation,dirichlet_lcb,benign_concept_drift,0.5,29,10,0.3342,0.015247155571662807,0.054055555555555544,0.02993962671778797,0.11409833004036223,0.011992024696491833,2.0,0.0,2.0,0.0,1.0,0.0,0.0,0.0,1.0,0.0,0.0,0.0,5,0.0,0.0,0.0,0.0,0
cifar10,20,2,mixed_maturity,rffl_reputation,dirichlet_lcb,benign_concept_drift,0.5,30,10,0.34345,0.010327283585050442,0.051444444444444445,0.024835301576255627,0.11569012511089405,0.014691255251565465,2.0,0.0,2.0,0.0,1.0,0.0,0.0,0.0,1.0,0.0,0.0,0.0,5,0.0,0.0,0.0,0.0,0
cifar10,20,2,mixed_maturity,rffl_reputation,dirichlet_lcb,benign_concept_drift,0.5,31,10,0.34085,0.01103734120758309,0.09716666666666667,0.05079506340311417,0.11317882381201967,0.013893275479080012,2.0,0.0,2.0,0.0,1.0,0.0,0.0,0.0,1.0,0.0,0.0,0.0,5,0.0,0.0,0.0,0.0,0
cifar10,20,2,mixed_maturity,rffl_reputation,dirichlet_lcb,benign_concept_drift,0.5,32,10,0.3418,0.007916113649232214,0.06805555555555556,0.03570461918242923,0.11445559935161984,0.013543452723947228,2.0,0.0,2.0,0.0,1.0,0.0,0.0,0.0,1.0,0.0,0.0,0.0,5,0.0,0.0,0.0,0.0,0
cifar10,20,2,mixed_maturity,rffl_reputation,dirichlet_lcb,benign_concept_drift,0.5,33,10,0.34054999999999996,0.01287471307770792,0.10644444444444445,0.053754932674094494,0.10974301183380504,0.012257475920657557,2.0,0.0,2.0,0.0,1.0,0.0,0.0,0.0,1.0,0.0,0.0,0.0,5,0.0,0.0,0.0,0.0,0
cifar10,20,2,mixed_maturity,rffl_reputation,dirichlet_lcb,benign_concept_drift,0.5,34,10,0.34245000000000003,0.013209321335068818,0.11044444444444443,0.0661579614436654,0.10848092762494718,0.009765675005502936,2.0,0.0,2.0,0.0,1.0,0.0,0.0,0.0,1.0,0.0,0.0,0.0,5,0.0,0.0,0.0,0.0,0
cifar10,20,2,mixed_maturity,rffl_reputation,dirichlet_lcb,benign_concept_drift,0.5,35,10,0.34225,0.015308609931169538,0.0631111111111111,0.03438507876782834,0.11087185510403305,0.008262076969670275,2.0,0.0,2.0,0.0,1.0,0.0,0.0,0.0,1.0,0.0,0.0,0.0,5,0.0,0.0,0.0,0.0,0
cifar10,20,2,mixed_maturity,rffl_reputation,dirichlet_lcb,benign_concept_drift,0.5,36,10,0.32794999999999996,0.015343113267219833,0.06305555555555556,0.031382102850313745,0.11091096270383627,0.010421949499890634,2.0,0.0,2.0,0.0,1.0,0.0,0.0,0.0,1.0,0.0,0.0,0.0,5,0.0,0.0,0.0,0.0,0
cifar10,20,2,mixed_maturity,rffl_reputation,dirichlet_lcb,benign_concept_drift,0.5,37,10,0.33685,0.011761827484573153,0.06644444444444444,0.06956642555786292,0.10984512934641408,0.011368399591773477,2.0,0.0,2.0,0.0,1.0,0.0,0.0,0.0,1.0,0.0,0.0,0.0,5,0.0,0.0,0.0,0.0,0
cifar10,20,2,mixed_maturity,rffl_reputation,dirichlet_lcb,benign_concept_drift,0.5,38,10,0.33554999999999996,0.009832290879500756,0.08805555555555555,0.04748662275710911,0.11123553721859025,0.014378928061781197,2.0,0.0,2.0,0.0,1.0,0.0,0.0,0.0,1.0,0.0,0.0,0.0,5,0.0,0.0,0.0,0.0,0
cifar10,20,2,mixed_maturity,rffl_reputation,dirichlet_lcb,benign_concept_drift,0.5,39,10,0.33859999999999996,0.011742171959936726,0.08911111111111111,0.04326074253727178,0.10850112117282093,0.016052622029243596,2.0,0.0,2.0,0.0,1.0,0.0,0.0,0.0,1.0,0.0,0.0,0.0,5,0.0,0.0,0.0,0.0,0
cifar10,20,2,mixed_maturity,rffl_reputation,dirichlet_lcb,benign_concept_drift,0.5,40,10,0.3436,0.006990354395795679,0.08916666666666667,0.03898065128550727,0.11303282722894326,0.016863091588000593,2.0,0.0,2.0,0.0,1.0,0.0,0.0,0.0,1.0,0.0,0.0,0.0,5,0.0,0.0,0.0,0.0,0
cifar10,20,2,mixed_maturity,rffl_reputation,dirichlet_lcb,benign_concept_drift,0.5,41,10,0.34265,0.009469363943747398,0.07316666666666667,0.048028559683228306,0.10868094293430801,0.01740666505412339,2.0,0.0,2.0,0.0,1.0,0.0,0.0,0.0,1.0,0.0,0.0,0.0,5,0.0,0.0,0.0,0.0,0
cifar10,20,2,mixed_maturity,rffl_reputation,dirichlet_lcb,benign_concept_drift,0.5,42,10,0.33330000000000004,0.008193187785168168,0.06722222222222222,0.04395446012677388,0.11284609813824209,0.016450024953358688,2.0,0.0,2.0,0.0,1.0,0.0,0.0,0.0,1.0,0.0,0.0,0.0,5,0.0,0.0,0.0,0.0,0
cifar10,20,2,mixed_maturity,rffl_reputation,dirichlet_lcb,benign_concept_drift,0.5,43,10,0.3335,0.008638755360341088,0.06966666666666667,0.031504861290326404,0.11365028661972756,0.019065589009939085,2.0,0.0,2.0,0.0,1.0,0.0,0.0,0.0,1.0,0.0,0.0,0.0,5,0.0,0.0,0.0,0.0,0
cifar10,20,2,mixed_maturity,rffl_reputation,dirichlet_lcb,benign_concept_drift,0.5,44,10,0.3376,0.01292138679680603,0.09011111111111111,0.06509068996817333,0.11664420211999271,0.018356750688734012,2.0,0.0,2.0,0.0,1.0,0.0,0.0,0.0,1.0,0.0,0.0,0.0,5,0.0,0.0,0.0,0.0,0
cifar10,20,2,mixed_maturity,rffl_reputation,dirichlet_lcb,benign_concept_drift,0.5,45,10,0.3396,0.010124820647049766,0.08772222222222223,0.0450532425083593,0.11628360166146626,0.018963423030562577,2.0,0.0,2.0,0.0,1.0,0.0,0.0,0.0,1.0,0.0,0.0,0.0,5,0.0,0.0,0.0,0.0,0
cifar10,20,2,mixed_maturity,rffl_reputation,dirichlet_lcb,benign_concept_drift,0.5,46,10,0.33744999999999997,0.013652773910494288,0.08272222222222222,0.051640695754207995,0.11324368062049701,0.019052860670044997,2.0,0.0,2.0,0.0,1.0,0.0,0.0,0.0,1.0,0.0,0.0,0.0,5,0.0,0.0,0.0,0.0,0
cifar10,20,2,mixed_maturity,rffl_reputation,dirichlet_lcb,benign_concept_drift,0.5,47,10,0.34095,0.015357929571831373,0.09822222222222222,0.041663621634255986,0.11511953949657842,0.01653557868858411,2.0,0.0,2.0,0.0,1.0,0.0,0.0,0.0,1.0,0.0,0.0,0.0,5,0.0,0.0,0.0,0.0,0
cifar10,20,2,mixed_maturity,rffl_reputation,dirichlet_lcb,benign_concept_drift,0.5,48,10,0.33795,0.017196238682479416,0.11027777777777778,0.0868426699646946,0.11630665516741219,0.012520304964702595,2.0,0.0,2.0,0.0,1.0,0.0,0.0,0.0,1.0,0.0,0.0,0.0,5,0.0,0.0,0.0,0.0,0
cifar10,20,2,mixed_maturity,rffl_reputation,dirichlet_lcb,benign_concept_drift,0.5,49,10,0.33620000000000005,0.009942631807728976,0.07088888888888889,0.05293015166350382,0.11436579928275245,0.016733495976279662,2.0,0.0,2.0,0.0,1.0,0.0,0.0,0.0,1.0,0.0,0.0,0.0,5,0.0,0.0,0.0,0.0,0
cifar10,20,2,mixed_maturity,rffl_reputation,dirichlet_lcb,benign_concept_drift,0.5,50,10,0.33940000000000003,0.0186136422893779,0.07461111111111111,0.037782617665218655,0.11940844915127377,0.017389239156406187,2.0,0.0,2.0,0.0,1.0,0.0,0.0,0.0,1.0,0.0,0.0,0.0,5,0.0,0.0,0.0,0.0,0
cifar10,20,2,mixed_maturity,rffl_reputation,dirichlet_lcb,diverse_then_repeat_backdoor,0.5,1,10,0.15649999999999997,0.0329500186486281,0.27427777777777773,0.29505718251001317,0.09999999999999998,0.0,2.0,0.0,2.0,0.0,1.0,0.0,0.0,0.0,1.0,0.0,0.0,0.0,5,0.0,0.0,0.0,0.0,0
cifar10,20,2,mixed_maturity,rffl_reputation,dirichlet_lcb,diverse_then_repeat_backdoor,0.5,2,10,0.20564999999999997,0.017827439483867058,0.051555555555555556,0.09011992252327157,0.09754955488117488,0.0029386273805833644,2.0,0.0,2.0,0.0,1.0,0.0,0.0,0.0,1.0,0.0,0.0,0.0,5,0.0,0.0,0.0,0.0,0
cifar10,20,2,mixed_maturity,rffl_reputation,dirichlet_lcb,diverse_then_repeat_backdoor,0.5,3,10,0.23305000000000003,0.017748645728194234,0.09722222222222224,0.051307108403577245,0.0973907620552729,0.004748698917754625,2.0,0.0,2.0,0.0,1.0,0.0,0.0,0.0,1.0,0.0,0.0,0.0,5,0.0,0.0,0.0,0.0,0
cifar10,20,2,mixed_maturity,rffl_reputation,dirichlet_lcb,diverse_then_repeat_backdoor,0.5,4,10,0.25539999999999996,0.01666421656227835,0.12216666666666665,0.0757821260090045,0.09842502073054696,0.004796752697047319,2.0,0.0,2.0,0.0,1.0,0.0,0.0,0.0,1.0,0.0,0.0,0.0,5,0.0,0.0,0.0,0.0,0
cifar10,20,2,mixed_maturity,rffl_reputation,dirichlet_lcb,diverse_then_repeat_backdoor,0.5,5,10,0.2557,0.013405600946075184,0.15166666666666667,0.11597689976284134,0.10080194418883322,0.005460099424094762,2.0,0.0,2.0,0.0,1.0,0.0,0.0,0.0,1.0,0.0,0.0,0.0,5,0.0,0.0,0.0,0.0,0
cifar10,20,2,mixed_maturity,rffl_reputation,dirichlet_lcb,diverse_then_repeat_backdoor,0.5,6,10,0.26970000000000005,0.010149220205895025,0.064,0.03473171243419191,0.10036446208953902,0.00583715621091208,2.0,0.0,2.0,0.0,1.0,0.0,0.0,0.0,1.0,0.0,0.0,0.0,5,0.0,0.0,0.0,0.0,0
cifar10,20,2,mixed_maturity,rffl_reputation,dirichlet_lcb,diverse_then_repeat_backdoor,0.5,7,10,0.28640000000000004,0.008956733166045882,0.1272222222222222,0.08042658162938042,0.09414816265955336,0.006273268116152704,2.0,0.0,2.0,0.0,1.0,0.0,0.0,0.0,1.0,0.0,0.0,0.0,5,0.0,0.0,0.0,0.0,0
cifar10,20,2,mixed_maturity,rffl_reputation,dirichlet_lcb,diverse_then_repeat_backdoor,0.5,8,10,0.28585,0.016864538004651534,0.16794444444444445,0.07771963013035012,0.09176295362291662,0.008579716794482925,2.0,0.0,2.0,0.0,1.0,0.0,0.0,0.0,1.0,0.0,0.0,0.0,5,0.0,0.0,0.0,0.0,0
cifar10,20,2,mixed_maturity,rffl_reputation,dirichlet_lcb,diverse_then_repeat_backdoor,0.5,9,10,0.28054999999999997,0.019407475970270725,0.1612777777777778,0.1277695827151681,0.0914152509439885,0.010298491973574148,2.0,0.0,2.0,0.0,1.0,0.0,0.0,0.0,1.0,0.0,0.0,0.0,5,0.0,0.0,0.0,0.0,0
cifar10,20,2,mixed_maturity,rffl_reputation,dirichlet_lcb,diverse_then_repeat_backdoor,0.5,10,10,0.28715,0.01891608461149354,0.1726666666666667,0.0889698976619668,0.0885565747294617,0.011148932707610842,2.0,0.0,2.0,0.0,1.0,0.0,0.0,0.0,1.0,0.0,0.0,0.0,5,0.0,0.0,0.0,0.0,0
cifar10,20,2,mixed_maturity,rffl_reputation,dirichlet_lcb,diverse_then_repeat_backdoor,0.5,11,10,0.30340000000000006,0.018816440220462253,0.16799999999999998,0.1313501585231657,0.09002668721032661,0.010506049586555963,2.0,0.0,2.0,0.0,1.0,0.0,0.0,0.0,1.0,0.0,0.0,0.0,5,0.0,0.0,0.0,0.0,0
cifar10,20,2,mixed_maturity,rffl_reputation,dirichlet_lcb,diverse_then_repeat_backdoor,0.5,12,10,0.31325000000000003,0.021384565433901524,0.18844444444444447,0.10094181758272677,0.09221296238188799,0.011387139861397,2.0,0.0,2.0,0.0,1.0,0.0,0.0,0.0,1.0,0.0,0.0,0.0,5,0.0,0.0,0.0,0.0,0
cifar10,20,2,mixed_maturity,rffl_reputation,dirichlet_lcb,diverse_then_repeat_backdoor,0.5,13,10,0.30135,0.009482864612057022,0.14216666666666666,0.05398988376446786,0.09703685174709581,0.013189477227782154,2.0,0.0,2.0,0.0,1.0,0.0,0.0,0.0,1.0,0.0,0.0,0.0,5,0.0,0.0,0.0,0.0,0
cifar10,20,2,mixed_maturity,rffl_reputation,dirichlet_lcb,diverse_then_repeat_backdoor,0.5,14,10,0.30565000000000003,0.011388500416101606,0.20833333333333334,0.08288692398812617,0.09892591566246918,0.012761016156217097,2.0,0.0,2.0,0.0,1.0,0.0,0.0,0.0,1.0,0.0,0.0,0.0,5,0.0,0.0,0.0,0.0,0
cifar10,20,2,mixed_maturity,rffl_reputation,dirichlet_lcb,diverse_then_repeat_backdoor,0.5,15,10,0.30605,0.015808551398324527,0.17938888888888888,0.08775996015003328,0.10225903009676285,0.015842446442948337,2.0,0.0,2.0,0.0,1.0,0.0,0.0,0.0,1.0,0.0,0.0,0.0,5,0.0,0.0,0.0,0.0,0
cifar10,20,2,mixed_maturity,rffl_reputation,dirichlet_lcb,diverse_then_repeat_backdoor,0.5,16,10,0.31074999999999997,0.008531545455122332,0.13305555555555557,0.060390846508630275,0.10379961158585808,0.01690492571362877,2.0,0.0,2.0,0.0,1.0,0.0,0.0,0.0,1.0,0.0,0.0,0.0,5,0.0,0.0,0.0,0.0,0
cifar10,20,2,mixed_maturity,rffl_reputation,dirichlet_lcb,diverse_then_repeat_backdoor,0.5,17,10,0.32775000000000004,0.012420423978984567,0.1511111111111111,0.07207824639735554,0.10469213019625814,0.019667326958950727,2.0,0.0,2.0,0.0,1.0,0.0,0.0,0.0,1.0,0.0,0.0,0.0,5,0.0,0.0,0.0,0.0,0
cifar10,20,2,mixed_maturity,rffl_reputation,dirichlet_lcb,diverse_then_repeat_backdoor,0.5,18,10,0.31295,0.014014474928022606,0.22116666666666665,0.10483173976695911,0.10706661200598075,0.0194435501482654,2.0,0.0,2.0,0.0,1.0,0.0,0.0,0.0,1.0,0.0,0.0,0.0,5,0.0,0.0,0.0,0.0,0
cifar10,20,2,mixed_maturity,rffl_reputation,dirichlet_lcb,diverse_then_repeat_backdoor,0.5,19,10,0.3075,0.014666270477777937,0.2381111111111111,0.0798155207793296,0.1061711835490892,0.02043591041372896,2.0,0.0,2.0,0.0,1.0,0.0,0.0,0.0,1.0,0.0,0.0,0.0,5,0.0,0.0,0.0,0.0,0
cifar10,20,2,mixed_maturity,rffl_reputation,dirichlet_lcb,diverse_then_repeat_backdoor,0.5,20,10,0.3218,0.011920468835612033,0.19377777777777777,0.08469415407153025,0.10793692659967724,0.02198766012148693,2.0,0.0,2.0,0.0,1.0,0.0,0.0,0.0,1.0,0.0,0.0,0.0,5,0.0,0.0,0.0,0.0,0
cifar10,20,2,mixed_maturity,rffl_reputation,dirichlet_lcb,diverse_then_repeat_backdoor,0.5,21,10,0.3097,0.01979096647298733,0.32944444444444443,0.12130016261453819,0.10741985209979739,0.02057560629543546,2.0,0.0,2.0,0.0,1.0,0.0,0.0,0.0,1.0,0.0,0.0,0.0,5,0.0,0.0,0.0,0.0,0
cifar10,20,2,mixed_maturity,rffl_reputation,dirichlet_lcb,diverse_then_repeat_backdoor,0.5,22,10,0.32665,0.011181925715230917,0.23394444444444445,0.07251697945864251,0.11614914972791364,0.019399577348159065,2.0,0.0,2.0,0.0,1.0,0.0,0.0,0.0,1.0,0.0,0.0,0.0,5,0.0,0.0,0.0,0.0,0
cifar10,20,2,mixed_maturity,rffl_reputation,dirichlet_lcb,diverse_then_repeat_backdoor,0.5,23,10,0.3285,0.01179796833332837,0.2923333333333334,0.1024822402219756,0.11478314173963677,0.019139409735604847,2.0,0.0,2.0,0.0,1.0,0.0,0.0,0.0,1.0,0.0,0.0,0.0,5,0.0,0.0,0.0,0.0,0
cifar10,20,2,mixed_maturity,rffl_reputation,dirichlet_lcb,diverse_then_repeat_backdoor,0.5,24,10,0.33494999999999997,0.013500960027996228,0.20444444444444443,0.08545187760435234,0.12014121348539955,0.020925821724529333,2.0,0.0,2.0,0.0,1.0,0.0,0.0,0.0,1.0,0.0,0.0,0.0,5,0.0,0.0,0.0,0.0,0
cifar10,20,2,mixed_maturity,rffl_reputation,dirichlet_lcb,diverse_then_repeat_backdoor,0.5,25,10,0.33209999999999995,0.00888662815699007,0.24966666666666665,0.07954704481125811,0.12313912167595038,0.020235939887232546,2.0,0.0,2.0,0.0,1.0,0.0,0.0,0.0,1.0,0.0,0.0,0.0,5,0.0,0.0,0.0,0.0,0
cifar10,20,2,mixed_maturity,rffl_reputation,dirichlet_lcb,diverse_then_repeat_backdoor,0.5,26,10,0.32230000000000003,0.017890439158284567,0.3733888888888889,0.1229160575212288,0.12618194553394088,0.018442329121237583,2.0,0.0,2.0,0.0,1.0,0.0,0.0,0.0,1.0,0.0,0.0,0.0,5,0.0,0.0,0.0,0.0,0
cifar10,20,2,mixed_maturity,rffl_reputation,dirichlet_lcb,diverse_then_repeat_backdoor,0.5,27,10,0.31934999999999997,0.017151211223000458,0.2475,0.1057241873064182,0.12951167216544607,0.01844500497286474,2.0,0.0,2.0,0.0,1.0,0.0,0.0,0.0,1.0,0.0,0.0,0.0,5,0.0,0.0,0.0,0.0,0
cifar10,20,2,mixed_maturity,rffl_reputation,dirichlet_lcb,diverse_then_repeat_backdoor,0.5,28,10,0.32949999999999996,0.010197844188523037,0.3267777777777777,0.11869105256047485,0.13021094674363112,0.018582300312543622,2.0,0.0,2.0,0.0,1.0,0.0,0.0,0.0,1.0,0.0,0.0,0.0,5,0.0,0.0,0.0,0.0,0
cifar10,20,2,mixed_maturity,rffl_reputation,dirichlet_lcb,diverse_then_repeat_backdoor,0.5,29,10,0.3342,0.010418755783172012,0.3631666666666667,0.060645972368238,0.13659548793195878,0.020089391493145835,2.0,0.0,2.0,0.0,1.0,0.0,0.0,0.0,1.0,0.0,0.0,0.0,5,0.0,0.0,0.0,0.0,0
cifar10,20,2,mixed_maturity,rffl_reputation,dirichlet_lcb,diverse_then_repeat_backdoor,0.5,30,10,0.33055,0.015046557544146577,0.3263333333333333,0.1381893820165289,0.1384459866562947,0.01800771035391937,2.0,0.0,2.0,0.0,1.0,0.0,0.0,0.0,1.0,0.0,0.0,0.0,5,0.0,0.0,0.0,0.0,0
cifar10,20,2,mixed_maturity,rffl_reputation,dirichlet_lcb,diverse_then_repeat_backdoor,0.5,31,10,0.323,0.013730173827219637,0.39966666666666667,0.1604507539230912,0.13835717220940563,0.0176520606480512,2.0,0.0,2.0,0.0,1.0,0.0,0.0,0.0,1.0,0.0,0.0,0.0,5,0.0,0.0,0.0,0.0,0
cifar10,20,2,mixed_maturity,rffl_reputation,dirichlet_lcb,diverse_then_repeat_backdoor,0.5,32,10,0.33354999999999996,0.01182498645603286,0.29583333333333334,0.10420407194848938,0.14632858429200438,0.020418852470261765,2.0,0.0,2.0,0.0,1.0,0.0,0.0,0.0,1.0,0.0,0.0,0.0,5,0.0,0.0,0.0,0.0,0
cifar10,20,2,mixed_maturity,rffl_reputation,dirichlet_lcb,diverse_then_repeat_backdoor,0.5,33,10,0.32855,0.013875844532355958,0.39661111111111114,0.07350320590856403,0.15081816548401483,0.021673915877577447,2.0,0.0,2.0,0.0,1.0,0.0,0.0,0.0,1.0,0.0,0.0,0.0,5,0.0,0.0,0.0,0.0,0
cifar10,20,2,mixed_maturity,rffl_reputation,dirichlet_lcb,diverse_then_repeat_backdoor,0.5,34,10,0.34195000000000003,0.00869525727445199,0.33183333333333337,0.1289297354172871,0.15177144110978352,0.026726264719595116,2.0,0.0,2.0,0.0,1.0,0.0,0.0,0.0,1.0,0.0,0.0,0.0,5,0.0,0.0,0.0,0.0,0
cifar10,20,2,mixed_maturity,rffl_reputation,dirichlet_lcb,diverse_then_repeat_backdoor,0.5,35,10,0.33089999999999997,0.01815669840392373,0.44772222222222224,0.13102539397041452,0.15093837591605136,0.027346900434411268,2.0,0.0,2.0,0.0,1.0,0.0,0.0,0.0,1.0,0.0,0.0,0.0,5,0.0,0.0,0.0,0.0,0
cifar10,20,2,mixed_maturity,rffl_reputation,dirichlet_lcb,diverse_then_repeat_backdoor,0.5,36,10,0.33785000000000004,0.012116627060580906,0.36516666666666664,0.1285902267608569,0.15302511051557868,0.026363691679363914,2.0,0.0,2.0,0.0,1.0,0.0,0.0,0.0,1.0,0.0,0.0,0.0,5,0.0,0.0,0.0,0.0,0
cifar10,20,2,mixed_maturity,rffl_reputation,dirichlet_lcb,diverse_then_repeat_backdoor,0.5,37,10,0.32515,0.012825597682997117,0.4436111111111112,0.13109566558559782,0.14911876056145928,0.02822152933689512,2.0,0.0,2.0,0.0,1.0,0.0,0.0,0.0,1.0,0.0,0.0,0.0,5,0.0,0.0,0.0,0.0,0
cifar10,20,2,mixed_maturity,rffl_reputation,dirichlet_lcb,diverse_then_repeat_backdoor,0.5,38,10,0.3480500000000001,0.011547654378633558,0.4474444444444444,0.1275203435905548,0.15217673921442046,0.030308506321917596,2.0,0.0,2.0,0.0,1.0,0.0,0.0,0.0,1.0,0.0,0.0,0.0,5,0.0,0.0,0.0,0.0,0
cifar10,20,2,mixed_maturity,rffl_reputation,dirichlet_lcb,diverse_then_repeat_backdoor,0.5,39,10,0.35045000000000004,0.008581715813735461,0.41933333333333334,0.14674510141707983,0.15154009529308832,0.029298560330605523,2.0,0.0,2.0,0.0,1.0,0.0,0.0,0.0,1.0,0.0,0.0,0.0,5,0.0,0.0,0.0,0.0,0
cifar10,20,2,mixed_maturity,rffl_reputation,dirichlet_lcb,diverse_then_repeat_backdoor,0.5,40,10,0.33710000000000007,0.01151727087060456,0.48511111111111116,0.13990629246615274,0.1533637323585767,0.026824511937635517,2.0,0.0,2.0,0.0,1.0,0.0,0.0,0.0,1.0,0.0,0.0,0.0,5,0.0,0.0,0.0,0.0,0
cifar10,20,2,mixed_maturity,rffl_reputation,dirichlet_lcb,diverse_then_repeat_backdoor,0.5,41,10,0.3456,0.009049885317909682,0.46738888888888885,0.13460912032499864,0.15845138632260683,0.02719828675901744,2.0,0.0,2.0,0.0,1.0,0.0,0.0,0.0,1.0,0.0,0.0,0.0,5,0.0,0.0,0.0,0.0,0
cifar10,20,2,mixed_maturity,rffl_reputation,dirichlet_lcb,diverse_then_repeat_backdoor,0.5,42,10,0.32215000000000005,0.015440638145746038,0.4855555555555555,0.16238560482338013,0.16031781028802836,0.02915102248943565,2.0,0.0,2.0,0.0,1.0,0.0,0.0,0.0,1.0,0.0,0.0,0.0,5,0.0,0.0,0.0,0.0,0
cifar10,20,2,mixed_maturity,rffl_reputation,dirichlet_lcb,diverse_then_repeat_backdoor,0.5,43,10,0.3329,0.016225097859554047,0.5085555555555554,0.11994233018794268,0.16478863409158045,0.031120112498295938,2.0,0.0,2.0,0.0,1.0,0.0,0.0,0.0,1.0,0.0,0.0,0.0,5,0.0,0.0,0.0,0.0,0
cifar10,20,2,mixed_maturity,rffl_reputation,dirichlet_lcb,diverse_then_repeat_backdoor,0.5,44,10,0.33735,0.013263661466251029,0.49822222222222223,0.14758080761568465,0.160975584139761,0.02825200450820049,2.0,0.0,2.0,0.0,1.0,0.0,0.0,0.0,1.0,0.0,0.0,0.0,5,0.0,0.0,0.0,0.0,0
cifar10,20,2,mixed_maturity,rffl_reputation,dirichlet_lcb,diverse_then_repeat_backdoor,0.5,45,10,0.3286,0.01460294045789286,0.4658888888888889,0.16828162604393776,0.15889217929849137,0.02780412769600322,2.0,0.0,2.0,0.0,1.0,0.0,0.0,0.0,1.0,0.0,0.0,0.0,5,0.0,0.0,0.0,0.0,0
cifar10,20,2,mixed_maturity,rffl_reputation,dirichlet_lcb,diverse_then_repeat_backdoor,0.5,46,10,0.31984999999999997,0.016817270173879354,0.5138333333333334,0.1499854484098404,0.15769720679883426,0.025068237406823998,2.0,0.0,2.0,0.0,1.0,0.0,0.0,0.0,1.0,0.0,0.0,0.0,5,0.0,0.0,0.0,0.0,0
cifar10,20,2,mixed_maturity,rffl_reputation,dirichlet_lcb,diverse_then_repeat_backdoor,0.5,47,10,0.33640000000000003,0.014868222869979245,0.5234444444444446,0.1325183755274135,0.15588569103317101,0.023062345995292194,2.0,0.0,2.0,0.0,1.0,0.0,0.0,0.0,1.0,0.0,0.0,0.0,5,0.0,0.0,0.0,0.0,0
cifar10,20,2,mixed_maturity,rffl_reputation,dirichlet_lcb,diverse_then_repeat_backdoor,0.5,48,10,0.3431,0.01849104970657324,0.5301111111111111,0.09341285118503789,0.15577668223408836,0.02462470195099823,2.0,0.0,2.0,0.0,1.0,0.0,0.0,0.0,1.0,0.0,0.0,0.0,5,0.0,0.0,0.0,0.0,0
cifar10,20,2,mixed_maturity,rffl_reputation,dirichlet_lcb,diverse_then_repeat_backdoor,0.5,49,10,0.34149999999999997,0.016018955177045064,0.585,0.08656856959207328,0.15473347940765197,0.02606967150447626,2.0,0.0,2.0,0.0,1.0,0.0,0.0,0.0,1.0,0.0,0.0,0.0,5,0.0,0.0,0.0,0.0,0
cifar10,20,2,mixed_maturity,rffl_reputation,dirichlet_lcb,diverse_then_repeat_backdoor,0.5,50,10,0.34104999999999996,0.01876170381777713,0.5355,0.145051460630441,0.15059913651418305,0.02072443837113706,2.0,0.0,2.0,0.0,1.0,0.0,0.0,0.0,1.0,0.0,0.0,0.0,5,0.0,0.0,0.0,0.0,0
