dataset,client_count,attacker_count,cohort_mode,variant,trust_estimator,attack_scenario,noniid_alpha,repeat,stage,attacker_fraction,normal_nodes,target_initial_limited_rate,target_initial_admitted_rate,normal_initial_admitted_rate,target_onboarding_seconds_mean,normal_onboarding_seconds_mean,target_returned_updates_after_start,target_aggregated_updates_after_start,target_effective_aggregation_share_after_start,target_rffl_removals,normal_rffl_removals,update_payload_bytes,server_processing_seconds,configuration_runtime_seconds,controller_state_bytes,configured_access_lease_full_updates,final_accuracy,final_backdoor_asr,total_rounds,target_full_access_round_mean,target_promoted_rate,target_effective_aggregation_share_early,target_effective_aggregation_share_late,backdoor_asr_auc_after_start,backdoor_asr_at_round_8,backdoor_asr_growth_round_8_to_final,first_round_asr_ge_10pct,first_round_asr_ge_20pct,first_round_asr_ge_30pct,target_effective_aggregation_share_sustained,target_limited_returned_update_rate_after_start,target_full_weight_aggregated_update_rate_after_start,target_lease_expirations,target_lease_renewals,normal_lease_expirations,lease_full_updates
cifar10,20,2,mixed_maturity,access_freshness_lease,dirichlet_lcb,benign_concept_drift,0.5,0,formal,0.1,18,1.0,0.0,1.0,2.6452252864837646,10.086146460639107,90,90,0.06618207637057817,0,0,122920000,97.81585552,266.7774172,8355631,5,0.3425,0.03277777777777778,50,5.0,1.0,0.08461999999999997,0.06434340883372812,0.07436868686868686,0.1388888888888889,-0.10611111111111111,7.0,11.0,nan,0.06434340883372812,0.4666666666666667,0.5333333333333333,10,8,0,5
cifar10,20,2,mixed_maturity,access_freshness_lease,dirichlet_lcb,benign_concept_drift,0.5,1,formal,0.1,18,1.0,0.0,1.0,3.483852744102478,14.904417369100782,90,90,0.015405224380442008,0,0,122920000,93.26461258000002,229.9400043,8416975,5,0.3525,0.1,50,5.0,1.0,0.019999999999999987,0.014954645746506446,0.06375000000000001,0.041666666666666664,0.05833333333333334,9.0,14.0,nan,0.014954645746506446,0.4666666666666667,0.5333333333333333,10,8,0,5
cifar10,20,2,mixed_maturity,access_freshness_lease,dirichlet_lcb,benign_concept_drift,0.5,2,formal,0.1,18,1.0,0.0,1.0,3.3289711475372314,16.285161720381844,90,90,0.06984027560288136,0,0,122920000,96.34442589999999,230.1117674,8330935,5,0.3445,0.15555555555555556,50,5.0,1.0,0.0892,0.06790736682358463,0.11218434343434343,0.025,0.13055555555555556,7.0,7.0,9.0,0.06790736682358463,0.4666666666666667,0.5333333333333333,10,8,0,5
cifar10,20,2,mixed_maturity,access_freshness_lease,dirichlet_lcb,benign_concept_drift,0.5,3,formal,0.1,18,1.0,0.0,1.0,3.259812355041504,14.882387412918938,90,90,0.0824734447686039,0,0,122920000,99.89755761999997,231.585569,8351487,5,0.335,0.12166666666666667,50,5.0,1.0,0.10494,0.08022105296664259,0.06912247474747475,0.035,0.08666666666666667,12.0,14.0,nan,0.08022105296664259,0.4666666666666667,0.5333333333333333,10,8,0,5
cifar10,20,2,mixed_maturity,access_freshness_lease,dirichlet_lcb,benign_concept_drift,0.5,4,formal,0.1,18,1.0,0.0,1.0,3.7986291646957397,11.485470453898111,90,90,0.09908666297183767,0,0,122920000,99.33617478999997,235.7067685,8335055,5,0.37,0.11277777777777778,50,5.0,1.0,0.12546000000000002,0.09642823932966216,0.09159722222222223,0.13333333333333333,-0.02055555555555555,7.0,15.0,46.0,0.09642823932966216,0.4666666666666667,0.5333333333333333,10,8,0,5
cifar10,20,2,mixed_maturity,access_freshness_lease,dirichlet_lcb,benign_concept_drift,0.5,5,formal,0.1,18,1.0,0.0,1.0,3.2489811182022095,11.439387692345512,90,90,0.0866356703718527,0,0,122920000,99.7249991,210.161987,8416999,5,0.348,0.10277777777777777,50,5.0,1.0,0.1101,0.08428004753544757,0.09696969696969697,0.19111111111111112,-0.08833333333333335,6.0,9.0,9.0,0.08428004753544757,0.4666666666666667,0.5333333333333333,10,8,0,5
cifar10,20,2,mixed_maturity,access_freshness_lease,dirichlet_lcb,benign_concept_drift,0.5,6,formal,0.1,18,1.0,0.0,1.0,3.3807027339935303,3.5064914226531982,90,90,0.07846614435083887,0,0,122920000,99.96937164999999,178.5114476,8326863,5,0.3645,0.08444444444444445,50,5.0,1.0,0.09996000000000003,0.07631409131618634,0.058440656565656564,0.12666666666666668,-0.04222222222222223,7.0,7.0,nan,0.07631409131618634,0.4666666666666667,0.5333333333333333,10,8,0,5
cifar10,20,2,mixed_maturity,access_freshness_lease,dirichlet_lcb,benign_concept_drift,0.5,7,formal,0.1,18,1.0,0.0,1.0,4.286237835884094,6.877065764533149,90,90,0.07893236738391515,0,0,122920000,96.63041923999998,200.181549,8302287,5,0.313,0.0005555555555555556,50,5.0,1.0,0.10054000000000003,0.07676859268887493,0.059375000000000004,0.075,-0.07444444444444444,7.0,7.0,nan,0.07676859268887493,0.4666666666666667,0.5333333333333333,10,8,0,5
cifar10,20,2,mixed_maturity,access_freshness_lease,dirichlet_lcb,benign_concept_drift,0.5,8,formal,0.1,18,1.0,0.0,1.0,3.0620861053466797,6.616480350494385,90,90,0.07927005784261787,0,0,122920000,97.42412501999995,204.3984456,8404687,5,0.323,0.06888888888888889,50,5.0,1.0,0.10096000000000001,0.07709780089694725,0.06575757575757575,0.05277777777777778,0.01611111111111111,10.0,10.0,nan,0.07709780089694725,0.4666666666666667,0.5333333333333333,10,8,0,5
cifar10,20,2,mixed_maturity,access_freshness_lease,dirichlet_lcb,benign_concept_drift,0.5,9,formal,0.1,18,1.0,0.0,1.0,2.9838205575942993,14.69965292347802,90,90,0.047489262012309866,0,0,122920000,97.69501235000003,230.4373355,8445647,5,0.3425,0.006111111111111111,50,5.0,1.0,0.06106,0.04614425527771207,0.07469696969696972,0.03111111111111111,-0.024999999999999998,11.0,39.0,nan,0.04614425527771207,0.4666666666666667,0.5333333333333333,10,8,0,5
cifar10,20,2,mixed_maturity,access_freshness_lease,dirichlet_lcb,diverse_then_repeat_backdoor,0.5,0,formal,0.1,18,1.0,0.0,1.0,3.7688151597976685,9.953716145621406,90,90,0.06618207637057817,0,0,122920000,95.90111969000002,260.7277405,8437455,5,0.325,0.18388888888888888,50,5.0,1.0,0.08461999999999997,0.0643434088337281,0.19522727272727272,0.295,-0.1111111111111111,8.0,8.0,18.0,0.0643434088337281,0.4666666666666667,0.5333333333333333,10,8,0,5
cifar10,20,2,mixed_maturity,access_freshness_lease,dirichlet_lcb,diverse_then_repeat_backdoor,0.5,1,formal,0.1,18,1.0,0.0,1.0,3.5393565893173218,14.741412480672201,90,90,0.01540522438044201,0,0,122920000,96.94869202000004,230.9838704,8322743,5,0.3095,0.14277777777777778,50,5.0,1.0,0.019999999999999987,0.01495464574650644,0.07547348484848486,0.014444444444444444,0.12833333333333333,6.0,47.0,nan,0.01495464574650644,0.4666666666666667,0.5333333333333333,10,8,0,5
cifar10,20,2,mixed_maturity,access_freshness_lease,dirichlet_lcb,diverse_then_repeat_backdoor,0.5,2,formal,0.1,18,1.0,0.0,1.0,3.428618907928467,16.394447247187298,90,90,0.06984027560288136,0,0,122920000,104.20632292999994,243.2463547,8355583,5,0.348,0.29055555555555557,50,5.0,1.0,0.08920000000000002,0.06790736682358463,0.24307449494949485,0.14277777777777778,0.14777777777777779,6.0,15.0,15.0,0.06790736682358463,0.4666666666666667,0.5333333333333333,10,8,0,5
cifar10,20,2,mixed_maturity,access_freshness_lease,dirichlet_lcb,diverse_then_repeat_backdoor,0.5,3,formal,0.1,18,1.0,0.0,1.0,3.1014307737350464,14.991262859768337,90,90,0.0824734447686039,0,0,122920000,112.10777309000001,250.0585041,8347319,5,0.3445,0.26555555555555554,50,5.0,1.0,0.10493999999999998,0.08022105296664254,0.19795454545454552,0.04,0.22555555555555554,6.0,13.0,13.0,0.08022105296664254,0.4666666666666667,0.5333333333333333,10,8,0,5
cifar10,20,2,mixed_maturity,access_freshness_lease,dirichlet_lcb,diverse_then_repeat_backdoor,0.5,4,formal,0.1,18,1.0,0.0,1.0,3.7513667345046997,11.77447103129493,90,90,0.09908666297183766,0,0,122920000,116.64105264999999,262.765994,8310431,5,0.3215,0.6605555555555556,50,5.0,1.0,0.12546000000000002,0.09642823932966216,0.314324494949495,0.6022222222222222,0.05833333333333335,6.0,7.0,8.0,0.09642823932966216,0.4666666666666667,0.5333333333333333,10,8,0,5
cifar10,20,2,mixed_maturity,access_freshness_lease,dirichlet_lcb,diverse_then_repeat_backdoor,0.5,5,formal,0.1,18,1.0,0.0,1.0,3.827677607536316,11.419998274909126,90,90,0.08663567037185271,0,0,122920000,118.04895675000002,231.4215725,8326839,5,0.3625,0.47333333333333333,50,5.0,1.0,0.11009999999999999,0.08428004753544756,0.3266161616161616,0.02277777777777778,0.45055555555555554,6.0,6.0,7.0,0.08428004753544756,0.4666666666666667,0.5333333333333333,10,8,0,5
cifar10,20,2,mixed_maturity,access_freshness_lease,dirichlet_lcb,diverse_then_repeat_backdoor,0.5,6,formal,0.1,18,1.0,0.0,1.0,3.1607238054275513,3.7967046631707086,90,90,0.07846614435083885,0,0,122920000,111.23652551999999,193.3480816,8306335,5,0.3275,0.32722222222222225,50,5.0,1.0,0.09996000000000003,0.07631409131618633,0.2297537878787878,0.1938888888888889,0.13333333333333336,6.0,6.0,18.0,0.07631409131618633,0.4666666666666667,0.5333333333333333,10,8,0,5
cifar10,20,2,mixed_maturity,access_freshness_lease,dirichlet_lcb,diverse_then_repeat_backdoor,0.5,7,formal,0.1,18,1.0,0.0,1.0,3.3246339559555054,6.550887823104858,90,90,0.07893236738391515,0,0,122920000,97.85604538000003,205.6532597,8310479,5,0.354,0.24555555555555555,50,5.0,1.0,0.10054000000000002,0.07676859268887493,0.19773358585858591,0.04555555555555556,0.2,9.0,16.0,21.0,0.07676859268887493,0.4666666666666667,0.5333333333333333,10,8,0,5
cifar10,20,2,mixed_maturity,access_freshness_lease,dirichlet_lcb,diverse_then_repeat_backdoor,0.5,8,formal,0.1,18,1.0,0.0,1.0,3.1073157787323,6.7539345158471,90,90,0.0792700578426179,0,0,122920000,97.92127629999999,204.7255297,8326863,5,0.3605,0.3333333333333333,50,5.0,1.0,0.10095999999999997,0.07709780089694726,0.24101010101010092,0.25222222222222224,0.08111111111111108,6.0,6.0,9.0,0.07709780089694726,0.4666666666666667,0.5333333333333333,10,8,0,5
cifar10,20,2,mixed_maturity,access_freshness_lease,dirichlet_lcb,diverse_then_repeat_backdoor,0.5,9,formal,0.1,18,1.0,0.0,1.0,3.6558667421340942,14.705342928568522,90,90,0.047489262012309866,0,0,122920000,93.76323728,223.7330549,8416951,5,0.326,0.07388888888888889,50,5.0,1.0,0.06106,0.04614425527771207,0.16306186868686867,0.23833333333333334,-0.16444444444444445,6.0,6.0,29.0,0.04614425527771207,0.4666666666666667,0.5333333333333333,10,8,0,5
cifar10,20,2,mixed_maturity,access_full,dirichlet_lcb,benign_concept_drift,0.5,0,formal,0.1,18,1.0,0.0,1.0,3.19012451171875,10.095902999242147,90,90,0.08461999999999988,0,0,122920000,93.88685788,261.4915114,8298167,5,0.374,0.042222222222222223,50,5.0,1.0,0.08461999999999999,0.08461999999999993,0.06907828282828282,0.011666666666666667,0.030555555555555558,10.0,43.0,nan,0.08461999999999993,0.0,1.0,0,0,0,0
cifar10,20,2,mixed_maturity,access_full,dirichlet_lcb,benign_concept_drift,0.5,1,formal,0.1,18,1.0,0.0,1.0,2.886919140815735,14.664924992455376,90,90,0.01999999999999992,0,0,122920000,93.71465349999997,229.8424061,8326935,5,0.321,0.12166666666666667,50,5.0,1.0,0.019999999999999987,0.01999999999999991,0.056773989898989914,0.08944444444444444,0.032222222222222235,6.0,11.0,nan,0.01999999999999991,0.0,1.0,0,0,0,0
cifar10,20,2,mixed_maturity,access_full,dirichlet_lcb,benign_concept_drift,0.5,2,formal,0.1,18,1.0,0.0,1.0,3.1774001121520996,16.218317972289192,90,90,0.08920000000000013,0,0,122920000,95.15232334,230.5828712,8335055,5,0.341,0.09444444444444444,50,5.0,1.0,0.0892,0.08920000000000008,0.1289267676767677,0.09833333333333333,-0.003888888888888886,9.0,12.0,nan,0.08920000000000008,0.0,1.0,0,0,0,0
cifar10,20,2,mixed_maturity,access_full,dirichlet_lcb,benign_concept_drift,0.5,3,formal,0.1,18,1.0,0.0,1.0,3.311498522758484,14.8646703031328,90,90,0.10493999999999983,0,0,122920000,99.11843279999998,230.5188255,8457911,5,0.3495,0.05722222222222222,50,5.0,1.0,0.10494000000000002,0.1049399999999997,0.050277777777777775,0.0016666666666666668,0.05555555555555556,6.0,6.0,nan,0.1049399999999997,0.0,1.0,0,0,0,0
cifar10,20,2,mixed_maturity,access_full,dirichlet_lcb,benign_concept_drift,0.5,4,formal,0.1,18,1.0,0.0,1.0,2.9525272846221924,11.563573916753134,90,90,0.1254600000000001,0,0,122920000,96.91002438999999,230.951746,8314623,5,0.367,0.16,50,5.0,1.0,0.12546000000000002,0.12546000000000015,0.08078914141414141,0.010555555555555556,0.14944444444444444,9.0,22.0,nan,0.12546000000000015,0.0,1.0,0,0,0,0
cifar10,20,2,mixed_maturity,access_full,dirichlet_lcb,benign_concept_drift,0.5,5,formal,0.1,18,1.0,0.0,1.0,2.714642286300659,11.290015670988295,90,90,0.11009999999999977,0,0,122920000,100.67775436000001,209.4048579,8322767,5,0.3355,0.18,50,5.0,1.0,0.11009999999999999,0.11009999999999989,0.10840277777777779,0.1111111111111111,0.06888888888888889,6.0,13.0,40.0,0.11009999999999989,0.0,1.0,0,0,0,0
cifar10,20,2,mixed_maturity,access_full,dirichlet_lcb,benign_concept_drift,0.5,6,formal,0.1,18,1.0,0.0,1.0,3.5406556129455566,3.449655771255493,90,90,0.09995999999999984,0,0,122920000,98.63311183999998,179.2390835,8408759,5,0.343,0.044444444444444446,50,5.0,1.0,0.09996000000000003,0.0999599999999999,0.0694570707070707,0.06,-0.015555555555555552,7.0,12.0,nan,0.0999599999999999,0.0,1.0,0,0,0,0
cifar10,20,2,mixed_maturity,access_full,dirichlet_lcb,benign_concept_drift,0.5,7,formal,0.1,18,1.0,0.0,1.0,3.7725383043289185,6.660472962591383,90,90,0.10054000000000009,0,0,122920000,98.60987014999999,205.4437603,8421023,5,0.3395,0.0005555555555555556,50,5.0,1.0,0.10054000000000002,0.10054000000000018,0.049482323232323225,0.08055555555555556,-0.08,27.0,nan,nan,0.10054000000000018,0.0,1.0,0,0,0,0
cifar10,20,2,mixed_maturity,access_full,dirichlet_lcb,benign_concept_drift,0.5,8,formal,0.1,18,1.0,0.0,1.0,3.192430019378662,6.88869571685791,90,90,0.10096000000000001,0,0,122920000,98.39260913000001,205.6614602,8347319,5,0.358,0.09722222222222222,50,5.0,1.0,0.10095999999999995,0.10095999999999995,0.07316919191919191,0.0044444444444444444,0.09277777777777778,6.0,39.0,nan,0.10095999999999995,0.0,1.0,0,0,0,0
cifar10,20,2,mixed_maturity,access_full,dirichlet_lcb,benign_concept_drift,0.5,9,formal,0.1,18,1.0,0.0,1.0,2.9954042434692383,14.720947795444065,90,90,0.06105999999999979,0,0,122920000,95.70099184000003,230.8382059,8412855,5,0.319,0.002777777777777778,50,5.0,1.0,0.06106000000000001,0.06105999999999987,0.07244318181818182,0.030555555555555555,-0.027777777777777776,9.0,47.0,nan,0.06105999999999987,0.0,1.0,0,0,0,0
cifar10,20,2,mixed_maturity,access_full,dirichlet_lcb,diverse_then_repeat_backdoor,0.5,0,formal,0.1,18,1.0,0.0,1.0,4.182045221328735,10.123900373776754,90,90,0.08461999999999986,0,0,122920000,93.05686233000002,260.9949006,8314599,5,0.336,0.31777777777777777,50,5.0,1.0,0.08461999999999997,0.0846199999999999,0.22410353535353533,0.045,0.2727777777777778,6.0,10.0,19.0,0.0846199999999999,0.0,1.0,0,0,0,0
cifar10,20,2,mixed_maturity,access_full,dirichlet_lcb,diverse_then_repeat_backdoor,0.5,1,formal,0.1,18,1.0,0.0,1.0,3.569542407989502,14.941116783354017,90,90,0.019999999999999917,0,0,122920000,94.25862905999996,224.9329537,8330935,5,0.3345,0.185,50,5.0,1.0,0.019999999999999987,0.01999999999999991,0.09640151515151514,0.05,0.135,6.0,11.0,nan,0.01999999999999991,0.0,1.0,0,0,0,0
cifar10,20,2,mixed_maturity,access_full,dirichlet_lcb,diverse_then_repeat_backdoor,0.5,2,formal,0.1,18,1.0,0.0,1.0,2.580820918083191,16.528265092107986,90,90,0.0892000000000001,0,0,122920000,94.50408556000001,226.1956989,8318647,5,0.324,0.30833333333333335,50,5.0,1.0,0.0892,0.08920000000000007,0.26969696969696966,0.07277777777777777,0.23555555555555557,6.0,6.0,18.0,0.08920000000000007,0.0,1.0,0,0,0,0
cifar10,20,2,mixed_maturity,access_full,dirichlet_lcb,diverse_then_repeat_backdoor,0.5,3,formal,0.1,18,1.0,0.0,1.0,3.6627057790756226,14.84330779976315,90,90,0.10493999999999983,0,0,122920000,97.16437169999999,236.8042852,8433359,5,0.345,0.19555555555555557,50,5.0,1.0,0.10493999999999998,0.1049399999999997,0.28330808080808084,0.051111111111111114,0.14444444444444446,7.0,7.0,13.0,0.1049399999999997,0.0,1.0,0,0,0,0
cifar10,20,2,mixed_maturity,access_full,dirichlet_lcb,diverse_then_repeat_backdoor,0.5,4,formal,0.1,18,1.0,0.0,1.0,3.8899524211883545,11.516637947824266,90,90,0.12546000000000015,0,0,122920000,94.51915066000002,224.9694667,8306335,5,0.363,0.6022222222222222,50,5.0,1.0,0.12546000000000002,0.12546000000000015,0.3714204545454546,0.043333333333333335,0.5588888888888889,7.0,11.0,11.0,0.12546000000000015,0.0,1.0,0,0,0,0
cifar10,20,2,mixed_maturity,access_full,dirichlet_lcb,diverse_then_repeat_backdoor,0.5,5,formal,0.1,18,1.0,0.0,1.0,2.7071982622146606,11.37977319293552,90,90,0.11009999999999977,0,0,122920000,91.15236744999997,193.587545,8322767,5,0.378,0.5666666666666667,50,5.0,1.0,0.11009999999999999,0.11009999999999989,0.3292171717171717,0.27944444444444444,0.2872222222222222,6.0,6.0,6.0,0.11009999999999989,0.0,1.0,0,0,0,0
cifar10,20,2,mixed_maturity,access_full,dirichlet_lcb,diverse_then_repeat_backdoor,0.5,6,formal,0.1,18,1.0,0.0,1.0,2.602966785430908,3.279354453086853,90,90,0.09995999999999983,0,0,122920000,93.56240162000002,167.6805583,8310503,5,0.3495,0.3605555555555556,50,5.0,1.0,0.09996000000000003,0.09995999999999991,0.27856060606060606,0.26222222222222225,0.09833333333333333,7.0,8.0,10.0,0.09995999999999991,0.0,1.0,0,0,0,0
cifar10,20,2,mixed_maturity,access_full,dirichlet_lcb,diverse_then_repeat_backdoor,0.5,7,formal,0.1,18,1.0,0.0,1.0,2.7983263731002808,6.77434163623386,90,90,0.1005400000000001,0,0,122920000,96.95502181999998,204.3523135,8359655,5,0.382,0.28944444444444445,50,5.0,1.0,0.10054000000000005,0.10054000000000018,0.2613888888888889,0.043333333333333335,0.2461111111111111,6.0,7.0,7.0,0.10054000000000018,0.0,1.0,0,0,0,0
cifar10,20,2,mixed_maturity,access_full,dirichlet_lcb,diverse_then_repeat_backdoor,0.5,8,formal,0.1,18,1.0,0.0,1.0,3.4974151849746704,6.890958944956462,90,90,0.10096000000000005,0,0,122920000,95.65916671000001,199.861383,8314599,5,0.368,0.45555555555555555,50,5.0,1.0,0.10095999999999998,0.10095999999999998,0.2933459595959596,0.31333333333333335,0.1422222222222222,6.0,6.0,8.0,0.10095999999999998,0.0,1.0,0,0,0,0
cifar10,20,2,mixed_maturity,access_full,dirichlet_lcb,diverse_then_repeat_backdoor,0.5,9,formal,0.1,18,1.0,0.0,1.0,3.1904916763305664,14.991474098629421,90,90,0.0610599999999998,0,0,122920000,92.24902149999998,223.9475253,8322767,5,0.339,0.13,50,5.0,1.0,0.06106,0.06105999999999987,0.15952020202020203,0.026111111111111113,0.10388888888888889,6.0,13.0,21.0,0.06105999999999987,0.0,1.0,0,0,0,0
cifar10,20,2,mixed_maturity,rffl_reputation,dirichlet_lcb,benign_concept_drift,0.5,0,formal,0.1,18,0.0,1.0,1.0,3.1897332668304443,9.975327875879076,90,90,0.11881272039163882,0,1,119355320,118.73879746999998,285.1587923,8224487,5,0.3755,0.09277777777777778,50,1.0,1.0,0.10023935300119675,0.12062475622378076,0.05526515151515152,0.08222222222222222,0.010555555555555554,18.0,33.0,nan,0.12062475622378076,0.0,1.0,0,0,0,0
cifar10,20,2,mixed_maturity,rffl_reputation,dirichlet_lcb,benign_concept_drift,0.5,1,formal,0.1,18,0.0,1.0,1.0,3.2615936994552612,14.397542860772875,90,90,0.11436125074940781,0,0,122920000,69.98127504999998,191.9574407,8396471,5,0.3375,0.135,50,1.0,1.0,0.10983690195081552,0.1148026506359115,0.0557260101010101,0.09666666666666666,0.038333333333333344,6.0,14.0,nan,0.1148026506359115,0.0,1.0,0,0,0,0
cifar10,20,2,mixed_maturity,rffl_reputation,dirichlet_lcb,benign_concept_drift,0.5,2,formal,0.1,18,0.0,1.0,1.0,2.3871259689331055,16.450349079238045,90,90,0.1089624540285112,0,2,118494880,62.78141554,185.5855671,8216247,5,0.3445,0.13944444444444445,50,1.0,1.0,0.09943464475141345,0.10989199639774537,0.14833964646464648,0.03222222222222222,0.10722222222222223,9.0,9.0,15.0,0.10989199639774537,0.0,1.0,0,0,0,0
cifar10,20,2,mixed_maturity,rffl_reputation,dirichlet_lcb,benign_concept_drift,0.5,3,formal,0.1,18,0.0,1.0,1.0,3.0680779218673706,14.561342702971565,90,90,0.12320382678256743,0,1,119355320,62.33294273,184.3766637,8236799,5,0.358,0.042777777777777776,50,1.0,1.0,0.10564500394354992,0.12491688268308887,0.06830176767676767,0.006666666666666667,0.03611111111111111,7.0,7.0,nan,0.12491688268308887,0.0,1.0,0,0,0,0
cifar10,20,2,mixed_maturity,rffl_reputation,dirichlet_lcb,benign_concept_drift,0.5,4,formal,0.1,18,0.0,1.0,1.0,2.387680411338806,11.49324905872345,90,90,0.10436500925996446,0,0,122920000,69.21498734,195.6165754,8314551,5,0.3345,0.13722222222222222,50,1.0,1.0,0.10267991147320091,0.10452940904648488,0.0963068181818182,0.16722222222222222,-0.03,8.0,11.0,nan,0.10452940904648488,0.0,1.0,0,0,0,0
cifar10,20,2,mixed_maturity,rffl_reputation,dirichlet_lcb,benign_concept_drift,0.5,5,formal,0.1,18,0.0,1.0,1.0,3.2099320888519287,11.084916631380716,90,90,0.11289431787812841,0,0,122920000,65.58814089999997,159.7643527,8347367,5,0.3415,0.05388888888888889,50,1.0,1.0,0.09842916926178123,0.11430555190247307,0.12782828282828282,0.10777777777777778,-0.05388888888888889,6.0,9.0,12.0,0.11430555190247307,0.0,1.0,0,0,0,0
cifar10,20,2,mixed_maturity,rffl_reputation,dirichlet_lcb,benign_concept_drift,0.5,6,formal,0.1,18,0.0,1.0,1.0,2.900455951690674,3.0432904163996377,90,90,0.13202658183210042,0,0,122920000,65.17642190999999,133.5961843,8322815,5,0.3705,0.10055555555555555,50,1.0,1.0,0.10403712749999998,0.1347572603148471,0.057638888888888885,0.04666666666666667,0.05388888888888888,6.0,nan,nan,0.1347572603148471,0.0,1.0,0,0,0,0
cifar10,20,2,mixed_maturity,rffl_reputation,dirichlet_lcb,benign_concept_drift,0.5,7,formal,0.1,18,0.0,1.0,1.0,3.1818469762802124,6.644183450274998,90,90,0.09725812374064481,0,0,122920000,64.35324306,158.9973464,8339175,5,0.2865,0.0077777777777777776,50,1.0,1.0,0.08559314143008576,0.09839617080761622,0.06469696969696968,0.06222222222222222,-0.05444444444444444,7.0,7.0,nan,0.09839617080761622,0.0,1.0,0,0,0,0
cifar10,20,2,mixed_maturity,rffl_reputation,dirichlet_lcb,benign_concept_drift,0.5,8,formal,0.1,18,0.0,1.0,1.0,3.898322105407715,6.454656004905701,90,90,0.10004529577767696,0,1,120092840,61.39705790999998,154.3716899,8306383,5,0.3285,0.025,50,1.0,1.0,0.10442556526106395,0.09961795241565898,0.0766098484848485,0.10666666666666667,-0.08166666666666667,8.0,48.0,nan,0.09961795241565898,0.0,1.0,0,0,0,0
cifar10,20,2,mixed_maturity,rffl_reputation,dirichlet_lcb,benign_concept_drift,0.5,9,formal,0.1,18,0.0,1.0,1.0,2.6659733057022095,14.52760398387909,90,90,0.0870088804153077,0,1,122428320,59.979616010000015,184.1025153,8339127,5,0.317,0.011666666666666667,50,1.0,1.0,0.09902974799514873,0.08583611285669716,0.05389520202020201,0.051111111111111114,-0.03944444444444445,6.0,6.0,6.0,0.08583611285669716,0.0,1.0,0,0,0,0
cifar10,20,2,mixed_maturity,rffl_reputation,dirichlet_lcb,diverse_then_repeat_backdoor,0.5,0,formal,0.1,18,0.0,1.0,1.0,3.4978195428848267,10.110187398062813,90,90,0.16811829099709671,0,0,122920000,99.80512111999998,265.785445,8330935,5,0.363,0.7494444444444445,50,1.0,1.0,0.0901642695491787,0.17572356140730128,0.39770833333333333,0.013888888888888888,0.7355555555555556,9.0,9.0,21.0,0.17572356140730128,0.0,1.0,0,0,0,0
cifar10,20,2,mixed_maturity,rffl_reputation,dirichlet_lcb,diverse_then_repeat_backdoor,0.5,1,formal,0.1,18,0.0,1.0,1.0,3.273702025413513,14.851140234205458,90,90,0.12005639255116138,0,0,122920000,99.57189983999996,230.3108513,8322791,5,0.291,0.23,50,1.0,1.0,0.09117638431617713,0.12287395435612646,0.2629103535353535,0.24444444444444444,-0.014444444444444426,8.0,8.0,10.0,0.12287395435612646,0.0,1.0,0,0,0,0
cifar10,20,2,mixed_maturity,rffl_reputation,dirichlet_lcb,diverse_then_repeat_backdoor,0.5,2,formal,0.1,18,0.0,1.0,1.0,3.035271406173706,16.384506781895954,90,90,0.1345249003417998,0,2,115667720,94.35530655,229.4850069,8122063,5,0.351,0.66,50,1.0,1.0,0.10218272250000003,0.13768023476846838,0.3724179292929292,0.2288888888888889,0.4311111111111111,8.0,8.0,9.0,0.13768023476846838,0.0,1.0,0,0,0,0
cifar10,20,2,mixed_maturity,rffl_reputation,dirichlet_lcb,diverse_then_repeat_backdoor,0.5,3,formal,0.1,18,0.0,1.0,1.0,2.359171986579895,14.842721621195475,90,90,0.10696988704808018,0,0,122920000,101.05709885999995,230.9487518,8318647,5,0.3675,0.4955555555555556,50,1.0,1.0,0.09327927226680181,0.10830555678259471,0.23272727272727273,0.06666666666666667,0.42888888888888893,9.0,9.0,15.0,0.10830555678259471,0.0,1.0,0,0,0,0
cifar10,20,2,mixed_maturity,rffl_reputation,dirichlet_lcb,diverse_then_repeat_backdoor,0.5,4,formal,0.1,18,0.0,1.0,1.0,2.884378433227539,11.835516744189793,90,90,0.145521198125208,0,0,122920000,100.87416412999998,231.50743,8343295,5,0.347,0.7866666666666666,50,1.0,1.0,0.09838756725403108,0.15011960114628298,0.41263888888888867,0.29888888888888887,0.48777777777777775,8.0,8.0,11.0,0.15011960114628298,0.0,1.0,0,0,0,0
cifar10,20,2,mixed_maturity,rffl_reputation,dirichlet_lcb,diverse_then_repeat_backdoor,0.5,5,formal,0.1,18,0.0,1.0,1.0,2.7992738485336304,11.458923975626627,90,90,0.11657493509613309,0,0,122920000,102.49302867000004,209.1524302,8326911,5,0.332,0.7661111111111111,50,1.0,1.0,0.07126654267816636,0.12099526606023561,0.3182638888888889,0.029444444444444443,0.7366666666666666,6.0,7.0,14.0,0.12099526606023561,0.0,1.0,0,0,0,0
cifar10,20,2,mixed_maturity,rffl_reputation,dirichlet_lcb,diverse_then_repeat_backdoor,0.5,6,formal,0.1,18,0.0,1.0,1.0,3.5773096084594727,3.6635097795062594,90,90,0.10828376206653453,0,3,121199120,103.33555784999999,177.9390556,8322767,5,0.3625,0.5372222222222223,50,1.0,1.0,0.09167631591676317,0.10990400070225179,0.2694191919191919,0.2911111111111111,0.24611111111111117,7.0,8.0,15.0,0.10990400070225179,0.0,1.0,0,0,0,0
cifar10,20,2,mixed_maturity,rffl_reputation,dirichlet_lcb,diverse_then_repeat_backdoor,0.5,7,formal,0.1,18,0.0,1.0,1.0,4.304415464401245,6.822139329380459,90,90,0.1397554250752294,0,3,118863640,100.78502811,205.0790514,8216247,5,0.3015,0.44333333333333336,50,1.0,1.0,0.10983682582377624,0.1426743127873227,0.3270770202020202,0.11722222222222223,0.32611111111111113,7.0,7.0,7.0,0.1426743127873227,0.0,1.0,0,0,0,0
cifar10,20,2,mixed_maturity,rffl_reputation,dirichlet_lcb,diverse_then_repeat_backdoor,0.5,8,formal,0.1,18,0.0,1.0,1.0,2.365289568901062,6.910052047835456,90,90,0.15256841570627835,0,2,116159400,96.23310563000003,197.9597317,8117967,5,0.357,0.4305555555555556,50,1.0,1.0,0.099040198490402,0.15779068075720365,0.42017045454545454,0.13444444444444445,0.2961111111111111,6.0,12.0,12.0,0.15779068075720365,0.0,1.0,0,0,0,0
cifar10,20,2,mixed_maturity,rffl_reputation,dirichlet_lcb,diverse_then_repeat_backdoor,0.5,9,formal,0.1,18,0.0,1.0,1.0,3.4371256828308105,14.811980975998772,90,90,0.09529563741777197,0,0,122920000,101.56367236000003,235.9572376,8322743,5,0.338,0.2561111111111111,50,1.0,1.0,0.09721697427087268,0.09510818991914273,0.23888257575757582,0.2544444444444444,0.0016666666666667052,7.0,8.0,21.0,0.09510818991914273,0.0,1.0,0,0,0,0
