dataset,client_count,attacker_count,cohort_mode,variant,trust_estimator,attack_scenario,noniid_alpha,independent_runs,total_rounds,target_full_access_round_mean_mean,target_full_access_round_mean_ci95,target_promoted_rate_mean,target_promoted_rate_ci95,target_effective_aggregation_share_early_mean,target_effective_aggregation_share_early_ci95,target_effective_aggregation_share_late_mean,target_effective_aggregation_share_late_ci95,backdoor_asr_auc_after_start_mean,backdoor_asr_auc_after_start_ci95,backdoor_asr_at_round_8_mean,backdoor_asr_at_round_8_ci95,backdoor_asr_growth_round_8_to_final_mean,backdoor_asr_growth_round_8_to_final_ci95,final_accuracy_mean,final_accuracy_ci95,final_backdoor_asr_mean,final_backdoor_asr_ci95,configuration_runtime_seconds_mean,configuration_runtime_seconds_ci95,server_processing_seconds_mean,server_processing_seconds_ci95,controller_state_bytes_mean,controller_state_bytes_ci95,asr_ge_10pct_rate,first_round_asr_ge_10pct_conditional_mean,first_round_asr_ge_10pct_conditional_ci95,asr_ge_20pct_rate,first_round_asr_ge_20pct_conditional_mean,first_round_asr_ge_20pct_conditional_ci95,asr_ge_30pct_rate,first_round_asr_ge_30pct_conditional_mean,first_round_asr_ge_30pct_conditional_ci95,configured_access_lease_full_updates,target_effective_aggregation_share_sustained_mean,target_effective_aggregation_share_sustained_ci95,target_limited_returned_update_rate_after_start_mean,target_limited_returned_update_rate_after_start_ci95,target_full_weight_aggregated_update_rate_after_start_mean,target_full_weight_aggregated_update_rate_after_start_ci95,target_lease_expirations_mean,target_lease_expirations_ci95,target_lease_renewals_mean,target_lease_renewals_ci95,normal_lease_expirations_mean,normal_lease_expirations_ci95,lease_full_updates
cifar10,10,1,mixed_maturity,access_freshness_lease,dirichlet_lcb,benign_concept_drift,0.5,10,50,5.0,0.0,1.0,0.0,0.11212,0.050838535423830565,0.0868288772741285,0.04058926055091017,0.07623232323232323,0.015571240482859133,0.06500000000000002,0.06803027000688844,0.007166666666666664,0.10197748679440487,0.32795,0.014150742870255032,0.07216666666666666,0.07641400653413162,113.37221886,17.78839614172953,28.612027242000003,0.9292451770372321,6255896.6,5028.214954904304,1.0,9.3,2.740645907967312,1.0,23.4,11.000898167446566,0.8,24.25,10.20738163637056,5,0.0868288772741285,0.04058926055091017,0.4666666666666667,0.0,0.5333333333333333,0.0,5.0,0.0,4.0,0.0,0.0,0.0,5
cifar10,10,1,mixed_maturity,access_freshness_lease,dirichlet_lcb,diverse_then_repeat_backdoor,0.5,10,50,5.0,0.0,1.0,0.0,0.11212,0.050838535423830565,0.0868288772741285,0.04058926055091017,0.24352525252525248,0.09113808654563406,0.07777777777777777,0.05509018494706881,0.23850000000000002,0.17774015111016217,0.3281,0.011663218619925649,0.31627777777777777,0.16246599539835613,111.19426395999999,17.179554257691358,27.39747195,0.546536270444234,6259190.2,6887.607569689723,1.0,7.8,1.6451480831351155,1.0,8.7,2.0801461426278602,1.0,10.5,4.255555293182407,5,0.0868288772741285,0.04058926055091017,0.4666666666666667,0.0,0.5333333333333333,0.0,5.0,0.0,4.0,0.0,0.0,0.0,5
cifar10,10,1,mixed_maturity,access_full,dirichlet_lcb,benign_concept_drift,0.5,10,50,5.0,0.0,1.0,0.0,0.11212,0.05083853542383057,0.11212000000000004,0.05083853542383061,0.07681502525252525,0.015163701938861698,0.05822222222222222,0.03452087615492106,0.04022222222222223,0.06769984363990673,0.33265,0.011285685721933083,0.09844444444444445,0.05634682157142951,114.21887360000001,17.647931989093426,28.258308608,1.0974161338719157,6248131.0,6514.145271237169,1.0,8.5,2.058162475163336,0.9,17.0,10.014833156653664,0.3,21.0,32.86205303864214,5,0.11212000000000004,0.05083853542383061,0.0,0.0,1.0,0.0,0.0,0.0,0.0,0.0,0.0,0.0,0
cifar10,10,1,mixed_maturity,access_full,dirichlet_lcb,diverse_then_repeat_backdoor,0.5,10,50,5.0,0.0,1.0,0.0,0.11212,0.050838535423830565,0.11212000000000003,0.0508385354238306,0.3035820707070707,0.11625052195230604,0.2242777777777778,0.17333357040082498,0.1455555555555556,0.2136273117088025,0.3311,0.01017663470362022,0.36983333333333335,0.17617999997528216,110.78364088999999,17.322312965087796,27.35365393,0.9798742493547296,6250188.6,6036.589107473433,1.0,6.7,0.3455502144136438,1.0,7.1,0.6263629556723539,1.0,12.9,5.379200657635425,5,0.11212000000000003,0.0508385354238306,0.0,0.0,1.0,0.0,0.0,0.0,0.0,0.0,0.0,0.0,0
cifar10,10,1,mixed_maturity,rffl_reputation,dirichlet_lcb,benign_concept_drift,0.5,10,50,1.0,0.0,1.0,0.0,0.09534720841628541,0.010532301572069039,0.10725284472013738,0.012251905680561392,0.08010353535353539,0.01254212733103431,0.08844444444444444,0.06281948735880755,-0.005833333333333339,0.07961894366359065,0.32055,0.01500208971016005,0.08261111111111111,0.061201911624397365,115.87681634999998,18.957540550683298,29.939346932,1.0351213173709277,6249757.4,6698.834940671887,1.0,8.8,1.9313164477327347,0.9,13.222222222222221,7.479991033493799,0.6,12.666666666666666,4.862259298278349,5,0.10725284472013738,0.012251905680561392,0.0,0.0,1.0,0.0,0.0,0.0,0.0,0.0,0.0,0.0,0
cifar10,10,1,mixed_maturity,rffl_reputation,dirichlet_lcb,diverse_then_repeat_backdoor,0.5,10,50,1.0,0.0,1.0,0.0,0.09728026407585688,0.006478387633849619,0.10709047881686644,0.00773665725786027,0.29044002525252527,0.034226406647896675,0.16983333333333334,0.12369904958220325,0.32999999999999996,0.13537845540637644,0.32605000000000006,0.009785918042469135,0.4998333333333333,0.13347414263077417,113.27199756,17.150784096826012,28.985498932000002,0.8423593753135905,6248955.0,6351.500382635409,1.0,6.5,0.37702619379970087,1.0,7.2,1.2973207813040306,1.0,9.9,2.511118990804684,5,0.10709047881686644,0.00773665725786027,0.0,0.0,1.0,0.0,0.0,0.0,0.0,0.0,0.0,0.0,0
cifar10,20,2,mixed_maturity,access_freshness_lease,dirichlet_lcb,benign_concept_drift,0.1,10,50,5.0,0.0,1.0,0.0,0.080922,0.03349150886586694,0.06187272263306535,0.026015063247435542,0.0852493686868687,0.025129025107469994,0.07944444444444446,0.06412976375593668,-0.020222222222222218,0.06929242987166852,0.31665,0.016770716736094798,0.05922222222222222,0.06284334014237596,173.510016,14.865623013725152,61.716037349,2.24836331620168,8392006.2,37413.09910066421,1.0,7.3,0.9567852189616104,1.0,9.8,1.9605362077584443,0.7,14.428571428571429,8.574291815872343,5,0.06187272263306535,0.026015063247435542,0.4666666666666667,0.0,0.5333333333333333,0.0,10.0,0.0,8.0,0.0,0.0,0.0,5
cifar10,20,2,mixed_maturity,access_freshness_lease,dirichlet_lcb,benign_concept_drift,10,10,50,5.0,0.0,1.0,0.0,0.10347399999999998,0.00381673908365519,0.07907516437293337,0.0029992317055006342,0.07692424242424242,0.007447595516235392,0.04811111111111112,0.039793328652802405,0.04777777777777777,0.07769071083585735,0.32694999999999996,0.014079240445370504,0.09588888888888888,0.06391436639668109,171.76283632,18.161577207627907,59.678933275000006,0.4052615580878373,8359616.6,28471.549479435198,1.0,6.8,0.7388174355783599,1.0,8.5,2.681925948090501,0.7,10.285714285714286,6.243320441651981,5,0.07907516437293337,0.0029992317055006342,0.4666666666666667,0.0,0.5333333333333333,0.0,10.0,0.0,8.0,0.0,0.0,0.0,5
cifar10,20,2,mixed_maturity,access_freshness_lease,dirichlet_lcb,diverse_then_repeat_backdoor,0.1,10,50,5.0,0.0,1.0,0.0,0.080922,0.033491508865866944,0.061872722633065355,0.026015063247435532,0.21369065656565653,0.09632258575809387,0.24861111111111112,0.22126082897807828,0.022333333333333316,0.23659432031814928,0.31734999999999997,0.018285614923905423,0.27094444444444443,0.17419525442141,171.32689632,20.729078727415143,60.965365698999996,2.805527896299168,8384190.2,32535.941919260615,1.0,7.2,1.0003635367755417,1.0,7.2,1.0003635367755417,1.0,7.9,1.9209845317065637,5,0.061872722633065355,0.026015063247435532,0.4666666666666667,0.0,0.5333333333333333,0.0,10.0,0.0,8.0,0.0,0.0,0.0,5
cifar10,20,2,mixed_maturity,access_freshness_lease,dirichlet_lcb,diverse_then_repeat_backdoor,10,10,50,5.0,0.0,1.0,0.0,0.103474,0.0038167390836551848,0.07907516437293338,0.0029992317055006364,0.2788806818181818,0.016989996091986297,0.11344444444444443,0.062384133305811836,0.3447222222222222,0.12315351845464927,0.33285000000000003,0.014664380372675976,0.4581666666666667,0.12233639853440245,169.71425836999998,17.919171422560538,59.658125982,2.214081031650382,8355944.6,35746.886670933716,1.0,6.6,0.6911004288272875,1.0,7.5,1.1310785813991024,1.0,11.8,2.4035235037258698,5,0.07907516437293338,0.0029992317055006364,0.4666666666666667,0.0,0.5333333333333333,0.0,10.0,0.0,8.0,0.0,0.0,0.0,5
cifar10,20,2,mixed_maturity,access_full,dirichlet_lcb,benign_concept_drift,0.1,10,50,5.0,0.0,1.0,0.0,0.080922,0.033491508865866944,0.08092199999999998,0.03349150886586694,0.08698232323232323,0.029903750892597322,0.07166666666666667,0.0769022080895807,0.0033333333333333366,0.09965529891754644,0.31820000000000004,0.009949777686706142,0.075,0.0627183336057668,176.90350848999998,20.625858684660468,63.331264879,3.496933079911749,8344075.8,29693.485703597744,1.0,7.3,1.721156578264484,1.0,13.5,8.987153064839895,0.4,18.25,17.97330985800387,5,0.08092199999999998,0.03349150886586694,0.0,0.0,1.0,0.0,0.0,0.0,0.0,0.0,0.0,0.0,0
cifar10,20,2,mixed_maturity,access_full,dirichlet_lcb,benign_concept_drift,10,10,50,5.0,0.0,1.0,0.0,0.10347399999999998,0.0038167390836551848,0.10347400000000002,0.003816739083655101,0.075104797979798,0.008748710572362026,0.08633333333333333,0.10656028774210478,-0.024666666666666674,0.10099263995820926,0.3394,0.01492166603702342,0.06166666666666667,0.04253245315922677,172.62458553000002,17.22793005234669,60.494647861,1.3612148181549377,8344480.6,28490.382112817784,1.0,10.0,2.718774547875689,1.0,12.1,3.25991420295643,0.5,16.6,17.52902410997163,5,0.10347400000000002,0.003816739083655101,0.0,0.0,1.0,0.0,0.0,0.0,0.0,0.0,0.0,0.0,0
cifar10,20,2,mixed_maturity,access_full,dirichlet_lcb,diverse_then_repeat_backdoor,0.1,10,50,5.0,0.0,1.0,0.0,0.080922,0.03349150886586694,0.08092199999999998,0.033491508865866944,0.24883207070707067,0.11320059877023293,0.22044444444444444,0.18351140560121962,0.08238888888888889,0.09885329410980678,0.3097,0.013731416133300381,0.30283333333333334,0.19990382560872105,178.1541484,16.765188299104896,65.102820562,2.1104633723189377,8356339.8,38378.84039568084,1.0,6.7,0.7578132707183226,1.0,9.0,4.305368405347686,0.9,13.0,6.291819113347584,5,0.08092199999999998,0.033491508865866944,0.0,0.0,1.0,0.0,0.0,0.0,0.0,0.0,0.0,0.0,0
cifar10,20,2,mixed_maturity,access_full,dirichlet_lcb,diverse_then_repeat_backdoor,10,10,50,5.0,0.0,1.0,0.0,0.103474,0.0038167390836551917,0.103474,0.0038167390836550985,0.3461944444444444,0.022879845699859697,0.11238888888888887,0.09061595151720353,0.43938888888888894,0.15382158170772686,0.31844999999999996,0.007358195274415855,0.5517777777777778,0.15116379334792351,167.72745421999997,18.466514346534293,57.07244223400001,0.5863450678674468,8347764.6,39955.06412847365,1.0,6.5,0.37702619379970087,1.0,7.6,1.5156265414366454,1.0,9.7,3.109951929722794,5,0.103474,0.0038167390836550985,0.0,0.0,1.0,0.0,0.0,0.0,0.0,0.0,0.0,0.0,0
cifar10,20,2,mixed_maturity,rffl_reputation,dirichlet_lcb,benign_concept_drift,0.1,10,50,1.0,0.0,1.0,0.0,0.0989646312289036,0.011615281477052293,0.11015515682257204,0.007952743038106959,0.0734223484848485,0.02282638738648309,0.05805555555555554,0.0722448947772129,0.025277777777777777,0.09232485930383541,0.3177499999999999,0.010664244374844962,0.08333333333333333,0.05793258715382311,174.7752282,18.702446644950786,63.38187147999999,3.3344445276922525,8323591.0,22300.583911814643,1.0,7.5,1.2729869438632986,0.8,9.75,3.9149148074164093,0.5,11.2,6.108179231435146,5,0.11015515682257204,0.007952743038106959,0.0,0.0,1.0,0.0,0.0,0.0,0.0,0.0,0.0,0.0,0
cifar10,20,2,mixed_maturity,rffl_reputation,dirichlet_lcb,benign_concept_drift,10,10,50,1.0,0.0,1.0,0.0,0.10492217215184574,0.007433478141656116,0.11177432400493308,0.014978943085708818,0.07840909090909091,0.00849029026398491,0.12016666666666667,0.09030244494404183,-0.08488888888888889,0.08167134774285141,0.33330000000000004,0.01701069319872315,0.03527777777777778,0.022631848300018388,169.28012241000002,17.015638273612154,58.773622668999984,1.363618020690267,8230597.4,65450.42092084283,1.0,7.6,1.177867483172973,1.0,10.6,2.389287306410294,0.7,16.285714285714285,11.584768681969503,5,0.11177432400493308,0.014978943085708818,0.0,0.0,1.0,0.0,0.0,0.0,0.0,0.0,0.0,0.0,0
cifar10,20,2,mixed_maturity,rffl_reputation,dirichlet_lcb,diverse_then_repeat_backdoor,0.1,10,50,1.0,0.0,1.0,0.0,0.09669141857899323,0.010356607589664996,0.10032874834389238,0.016977166117512266,0.2549311868686869,0.0532152596896393,0.15427777777777776,0.10094151333621244,0.27488888888888885,0.1769300329879743,0.31694999999999995,0.012902285866750855,0.4291666666666667,0.1632868234911283,175.14345858999997,16.97139683451224,64.70005662100002,2.2655763845805232,8315813.4,43594.02887679139,1.0,7.1,0.9204382406408883,1.0,7.3,1.1209794633132366,1.0,7.6,1.6242785521744176,5,0.10032874834389238,0.016977166117512266,0.0,0.0,1.0,0.0,0.0,0.0,0.0,0.0,0.0,0.0,0
cifar10,20,2,mixed_maturity,rffl_reputation,dirichlet_lcb,diverse_then_repeat_backdoor,10,10,50,1.0,0.0,1.0,0.0,0.1053113074737763,0.00495498748616439,0.12017930102501176,0.008953475693403483,0.3736729797979798,0.021783076266211728,0.09683333333333334,0.11686085908170733,0.45233333333333325,0.21858238478175282,0.33255,0.011741748248202543,0.5491666666666667,0.13600213131579292,167.58935897,18.178664224346885,57.855383227999994,1.0731868009532837,8300255.8,43528.185110080805,1.0,7.4,1.0228464234525234,1.0,8.7,1.9091081611046392,1.0,9.8,2.3314734034545768,5,0.12017930102501176,0.008953475693403483,0.0,0.0,1.0,0.0,0.0,0.0,0.0,0.0,0.0,0.0,0
