dataset,client_count,attacker_count,cohort_mode,variant,trust_estimator,attack_scenario,noniid_alpha,repeat,legitimate_newcomer_case,newcomer_count,incumbent_count,newcomer_initial_training_eligible_rate,newcomer_initial_limited_rate,newcomer_completed_tasks_mean,newcomer_onboarding_seconds_mean,incumbent_initial_training_eligible_rate,newcomer_full_access_before_attack_rate,newcomer_first_full_access_round_max
cifar10,20,2,mixed_maturity,access_freshness_lease,dirichlet_lcb,diverse_then_repeat_backdoor,0.1,0,0,2,18,1.0,1.0,9.0,3.529417037963867,1.0,1.0,5
cifar10,20,2,mixed_maturity,access_freshness_lease,dirichlet_lcb,diverse_then_repeat_backdoor,0.1,1,0,2,18,1.0,1.0,9.0,3.0549017190933228,1.0,1.0,5
cifar10,20,2,mixed_maturity,access_freshness_lease,dirichlet_lcb,diverse_then_repeat_backdoor,0.1,2,0,2,18,1.0,1.0,9.0,3.4490307569503784,1.0,1.0,5
cifar10,20,2,mixed_maturity,access_freshness_lease,dirichlet_lcb,diverse_then_repeat_backdoor,0.1,3,0,2,18,1.0,1.0,9.0,2.9569385051727295,1.0,1.0,5
cifar10,20,2,mixed_maturity,access_freshness_lease,dirichlet_lcb,diverse_then_repeat_backdoor,0.1,4,0,2,18,1.0,1.0,9.0,3.221436858177185,1.0,1.0,5
cifar10,20,2,mixed_maturity,access_freshness_lease,dirichlet_lcb,diverse_then_repeat_backdoor,0.1,5,0,2,18,1.0,1.0,9.0,3.0608577728271484,1.0,1.0,5
cifar10,20,2,mixed_maturity,access_freshness_lease,dirichlet_lcb,diverse_then_repeat_backdoor,0.1,6,0,2,18,1.0,1.0,9.0,2.9018741846084595,1.0,1.0,5
cifar10,20,2,mixed_maturity,access_freshness_lease,dirichlet_lcb,diverse_then_repeat_backdoor,0.1,7,0,2,18,1.0,1.0,9.0,3.689980387687683,1.0,1.0,5
cifar10,20,2,mixed_maturity,access_freshness_lease,dirichlet_lcb,diverse_then_repeat_backdoor,0.1,8,0,2,18,1.0,1.0,9.0,3.108605980873108,1.0,1.0,5
cifar10,20,2,mixed_maturity,access_freshness_lease,dirichlet_lcb,diverse_then_repeat_backdoor,0.1,9,0,2,18,1.0,1.0,9.0,2.88831889629364,1.0,1.0,5
cifar10,20,2,mixed_maturity,access_freshness_lease,dirichlet_lcb,benign_concept_drift,0.1,0,1,2,18,1.0,1.0,9.0,2.8963245153427124,1.0,1.0,5
cifar10,20,2,mixed_maturity,access_freshness_lease,dirichlet_lcb,benign_concept_drift,0.1,1,1,2,18,1.0,1.0,9.0,2.4358924627304077,1.0,1.0,5
cifar10,20,2,mixed_maturity,access_freshness_lease,dirichlet_lcb,benign_concept_drift,0.1,2,1,2,18,1.0,1.0,9.0,2.7378525733947754,1.0,1.0,5
cifar10,20,2,mixed_maturity,access_freshness_lease,dirichlet_lcb,benign_concept_drift,0.1,3,1,2,18,1.0,1.0,9.0,3.644047498703003,1.0,1.0,5
cifar10,20,2,mixed_maturity,access_freshness_lease,dirichlet_lcb,benign_concept_drift,0.1,4,1,2,18,1.0,1.0,9.0,2.965664863586426,1.0,1.0,5
cifar10,20,2,mixed_maturity,access_freshness_lease,dirichlet_lcb,benign_concept_drift,0.1,5,1,2,18,1.0,1.0,9.0,3.381355047225952,1.0,1.0,5
cifar10,20,2,mixed_maturity,access_freshness_lease,dirichlet_lcb,benign_concept_drift,0.1,6,1,2,18,1.0,1.0,9.0,4.110446453094482,1.0,1.0,5
cifar10,20,2,mixed_maturity,access_freshness_lease,dirichlet_lcb,benign_concept_drift,0.1,7,1,2,18,1.0,1.0,9.0,3.6797159910202026,1.0,1.0,5
cifar10,20,2,mixed_maturity,access_freshness_lease,dirichlet_lcb,benign_concept_drift,0.1,8,1,2,18,1.0,1.0,9.0,2.763373613357544,1.0,1.0,5
cifar10,20,2,mixed_maturity,access_freshness_lease,dirichlet_lcb,benign_concept_drift,0.1,9,1,2,18,1.0,1.0,9.0,3.0395684242248535,1.0,1.0,5
cifar10,20,2,mixed_maturity,access_full,dirichlet_lcb,diverse_then_repeat_backdoor,0.1,0,0,2,18,1.0,1.0,9.0,3.3287911415100098,1.0,1.0,5
cifar10,20,2,mixed_maturity,access_full,dirichlet_lcb,diverse_then_repeat_backdoor,0.1,1,0,2,18,1.0,1.0,9.0,3.0692769289016724,1.0,1.0,5
cifar10,20,2,mixed_maturity,access_full,dirichlet_lcb,diverse_then_repeat_backdoor,0.1,2,0,2,18,1.0,1.0,9.0,2.352498769760132,1.0,1.0,5
cifar10,20,2,mixed_maturity,access_full,dirichlet_lcb,diverse_then_repeat_backdoor,0.1,3,0,2,18,1.0,1.0,9.0,3.215283989906311,1.0,1.0,5
cifar10,20,2,mixed_maturity,access_full,dirichlet_lcb,diverse_then_repeat_backdoor,0.1,4,0,2,18,1.0,1.0,9.0,3.100270986557007,1.0,1.0,5
cifar10,20,2,mixed_maturity,access_full,dirichlet_lcb,diverse_then_repeat_backdoor,0.1,5,0,2,18,1.0,1.0,9.0,3.0952372550964355,1.0,1.0,5
cifar10,20,2,mixed_maturity,access_full,dirichlet_lcb,diverse_then_repeat_backdoor,0.1,6,0,2,18,1.0,1.0,9.0,3.998204231262207,1.0,1.0,5
cifar10,20,2,mixed_maturity,access_full,dirichlet_lcb,diverse_then_repeat_backdoor,0.1,7,0,2,18,1.0,1.0,9.0,3.1453016996383667,1.0,1.0,5
cifar10,20,2,mixed_maturity,access_full,dirichlet_lcb,diverse_then_repeat_backdoor,0.1,8,0,2,18,1.0,1.0,9.0,3.2362353801727295,1.0,1.0,5
cifar10,20,2,mixed_maturity,access_full,dirichlet_lcb,diverse_then_repeat_backdoor,0.1,9,0,2,18,1.0,1.0,9.0,2.8685975074768066,1.0,1.0,5
cifar10,20,2,mixed_maturity,access_full,dirichlet_lcb,benign_concept_drift,0.1,0,1,2,18,1.0,1.0,9.0,3.208102226257324,1.0,1.0,5
cifar10,20,2,mixed_maturity,access_full,dirichlet_lcb,benign_concept_drift,0.1,1,1,2,18,1.0,1.0,9.0,2.524315357208252,1.0,1.0,5
cifar10,20,2,mixed_maturity,access_full,dirichlet_lcb,benign_concept_drift,0.1,2,1,2,18,1.0,1.0,9.0,2.4501235485076904,1.0,1.0,5
cifar10,20,2,mixed_maturity,access_full,dirichlet_lcb,benign_concept_drift,0.1,3,1,2,18,1.0,1.0,9.0,2.9274433851242065,1.0,1.0,5
cifar10,20,2,mixed_maturity,access_full,dirichlet_lcb,benign_concept_drift,0.1,4,1,2,18,1.0,1.0,9.0,2.9143766164779663,1.0,1.0,5
cifar10,20,2,mixed_maturity,access_full,dirichlet_lcb,benign_concept_drift,0.1,5,1,2,18,1.0,1.0,9.0,2.8850382566452026,1.0,1.0,5
cifar10,20,2,mixed_maturity,access_full,dirichlet_lcb,benign_concept_drift,0.1,6,1,2,18,1.0,1.0,9.0,3.345191240310669,1.0,1.0,5
cifar10,20,2,mixed_maturity,access_full,dirichlet_lcb,benign_concept_drift,0.1,7,1,2,18,1.0,1.0,9.0,3.0876461267471313,1.0,1.0,5
cifar10,20,2,mixed_maturity,access_full,dirichlet_lcb,benign_concept_drift,0.1,8,1,2,18,1.0,1.0,9.0,3.501432180404663,1.0,1.0,5
cifar10,20,2,mixed_maturity,access_full,dirichlet_lcb,benign_concept_drift,0.1,9,1,2,18,1.0,1.0,9.0,2.6747430562973022,1.0,1.0,5
cifar10,20,2,mixed_maturity,rffl_reputation,dirichlet_lcb,diverse_then_repeat_backdoor,0.1,0,0,2,18,1.0,0.0,9.0,2.4721142053604126,1.0,1.0,1
cifar10,20,2,mixed_maturity,rffl_reputation,dirichlet_lcb,diverse_then_repeat_backdoor,0.1,1,0,2,18,1.0,0.0,9.0,3.4426757097244263,1.0,1.0,1
cifar10,20,2,mixed_maturity,rffl_reputation,dirichlet_lcb,diverse_then_repeat_backdoor,0.1,2,0,2,18,1.0,0.0,9.0,2.7481682300567627,1.0,1.0,1
cifar10,20,2,mixed_maturity,rffl_reputation,dirichlet_lcb,diverse_then_repeat_backdoor,0.1,3,0,2,18,1.0,0.0,9.0,2.838155508041382,1.0,1.0,1
cifar10,20,2,mixed_maturity,rffl_reputation,dirichlet_lcb,diverse_then_repeat_backdoor,0.1,4,0,2,18,1.0,0.0,9.0,3.0386898517608643,1.0,1.0,1
cifar10,20,2,mixed_maturity,rffl_reputation,dirichlet_lcb,diverse_then_repeat_backdoor,0.1,5,0,2,18,1.0,0.0,9.0,2.923971176147461,1.0,1.0,1
cifar10,20,2,mixed_maturity,rffl_reputation,dirichlet_lcb,diverse_then_repeat_backdoor,0.1,6,0,2,18,1.0,0.0,9.0,2.9828180074691772,1.0,1.0,1
cifar10,20,2,mixed_maturity,rffl_reputation,dirichlet_lcb,diverse_then_repeat_backdoor,0.1,7,0,2,18,1.0,0.0,9.0,3.6387473344802856,1.0,1.0,1
cifar10,20,2,mixed_maturity,rffl_reputation,dirichlet_lcb,diverse_then_repeat_backdoor,0.1,8,0,2,18,1.0,0.0,9.0,3.45536732673645,1.0,1.0,1
cifar10,20,2,mixed_maturity,rffl_reputation,dirichlet_lcb,diverse_then_repeat_backdoor,0.1,9,0,2,18,1.0,0.0,9.0,2.9395229816436768,1.0,1.0,1
cifar10,20,2,mixed_maturity,rffl_reputation,dirichlet_lcb,benign_concept_drift,0.1,0,1,2,18,1.0,0.0,9.0,2.5497591495513916,1.0,1.0,1
cifar10,20,2,mixed_maturity,rffl_reputation,dirichlet_lcb,benign_concept_drift,0.1,1,1,2,18,1.0,0.0,9.0,2.7240504026412964,1.0,1.0,1
cifar10,20,2,mixed_maturity,rffl_reputation,dirichlet_lcb,benign_concept_drift,0.1,2,1,2,18,1.0,0.0,9.0,3.3076318502426147,1.0,1.0,1
cifar10,20,2,mixed_maturity,rffl_reputation,dirichlet_lcb,benign_concept_drift,0.1,3,1,2,18,1.0,0.0,9.0,2.6769299507141113,1.0,1.0,1
cifar10,20,2,mixed_maturity,rffl_reputation,dirichlet_lcb,benign_concept_drift,0.1,4,1,2,18,1.0,0.0,9.0,3.475033164024353,1.0,1.0,1
cifar10,20,2,mixed_maturity,rffl_reputation,dirichlet_lcb,benign_concept_drift,0.1,5,1,2,18,1.0,0.0,9.0,2.4762368202209473,1.0,1.0,1
cifar10,20,2,mixed_maturity,rffl_reputation,dirichlet_lcb,benign_concept_drift,0.1,6,1,2,18,1.0,0.0,9.0,2.924895167350769,1.0,1.0,1
cifar10,20,2,mixed_maturity,rffl_reputation,dirichlet_lcb,benign_concept_drift,0.1,7,1,2,18,1.0,0.0,9.0,2.6778913736343384,1.0,1.0,1
cifar10,20,2,mixed_maturity,rffl_reputation,dirichlet_lcb,benign_concept_drift,0.1,8,1,2,18,1.0,0.0,9.0,2.5215946435928345,1.0,1.0,1
cifar10,20,2,mixed_maturity,rffl_reputation,dirichlet_lcb,benign_concept_drift,0.1,9,1,2,18,1.0,0.0,9.0,2.8599584102630615,1.0,1.0,1
cifar10,20,2,mixed_maturity,access_freshness_lease,dirichlet_lcb,diverse_then_repeat_backdoor,10,0,0,2,18,1.0,1.0,9.0,2.447807192802429,1.0,1.0,5
cifar10,20,2,mixed_maturity,access_freshness_lease,dirichlet_lcb,diverse_then_repeat_backdoor,10,1,0,2,18,1.0,1.0,9.0,2.759216785430908,1.0,1.0,5
cifar10,20,2,mixed_maturity,access_freshness_lease,dirichlet_lcb,diverse_then_repeat_backdoor,10,2,0,2,18,1.0,1.0,9.0,3.009192109107971,1.0,1.0,5
cifar10,20,2,mixed_maturity,access_freshness_lease,dirichlet_lcb,diverse_then_repeat_backdoor,10,3,0,2,18,1.0,1.0,9.0,2.46749484539032,1.0,1.0,5
cifar10,20,2,mixed_maturity,access_freshness_lease,dirichlet_lcb,diverse_then_repeat_backdoor,10,4,0,2,18,1.0,1.0,9.0,3.0591678619384766,1.0,1.0,5
cifar10,20,2,mixed_maturity,access_freshness_lease,dirichlet_lcb,diverse_then_repeat_backdoor,10,5,0,2,18,1.0,1.0,9.0,2.817527651786804,1.0,1.0,5
cifar10,20,2,mixed_maturity,access_freshness_lease,dirichlet_lcb,diverse_then_repeat_backdoor,10,6,0,2,18,1.0,1.0,9.0,2.9030745029449463,1.0,1.0,5
cifar10,20,2,mixed_maturity,access_freshness_lease,dirichlet_lcb,diverse_then_repeat_backdoor,10,7,0,2,18,1.0,1.0,9.0,3.4400429725646973,1.0,1.0,5
cifar10,20,2,mixed_maturity,access_freshness_lease,dirichlet_lcb,diverse_then_repeat_backdoor,10,8,0,2,18,1.0,1.0,9.0,3.532646656036377,1.0,1.0,5
cifar10,20,2,mixed_maturity,access_freshness_lease,dirichlet_lcb,diverse_then_repeat_backdoor,10,9,0,2,18,1.0,1.0,9.0,3.110630512237549,1.0,1.0,5
cifar10,20,2,mixed_maturity,access_freshness_lease,dirichlet_lcb,benign_concept_drift,10,0,1,2,18,1.0,1.0,9.0,2.8005707263946533,1.0,1.0,5
cifar10,20,2,mixed_maturity,access_freshness_lease,dirichlet_lcb,benign_concept_drift,10,1,1,2,18,1.0,1.0,9.0,2.4173600673675537,1.0,1.0,5
cifar10,20,2,mixed_maturity,access_freshness_lease,dirichlet_lcb,benign_concept_drift,10,2,1,2,18,1.0,1.0,9.0,3.249814033508301,1.0,1.0,5
cifar10,20,2,mixed_maturity,access_freshness_lease,dirichlet_lcb,benign_concept_drift,10,3,1,2,18,1.0,1.0,9.0,3.0803080797195435,1.0,1.0,5
cifar10,20,2,mixed_maturity,access_freshness_lease,dirichlet_lcb,benign_concept_drift,10,4,1,2,18,1.0,1.0,9.0,3.8237712383270264,1.0,1.0,5
cifar10,20,2,mixed_maturity,access_freshness_lease,dirichlet_lcb,benign_concept_drift,10,5,1,2,18,1.0,1.0,9.0,3.3607094287872314,1.0,1.0,5
cifar10,20,2,mixed_maturity,access_freshness_lease,dirichlet_lcb,benign_concept_drift,10,6,1,2,18,1.0,1.0,9.0,3.4630608558654785,1.0,1.0,5
cifar10,20,2,mixed_maturity,access_freshness_lease,dirichlet_lcb,benign_concept_drift,10,7,1,2,18,1.0,1.0,9.0,3.622168779373169,1.0,1.0,5
cifar10,20,2,mixed_maturity,access_freshness_lease,dirichlet_lcb,benign_concept_drift,10,8,1,2,18,1.0,1.0,9.0,3.034609794616699,1.0,1.0,5
cifar10,20,2,mixed_maturity,access_freshness_lease,dirichlet_lcb,benign_concept_drift,10,9,1,2,18,1.0,1.0,9.0,3.329107165336609,1.0,1.0,5
cifar10,20,2,mixed_maturity,access_full,dirichlet_lcb,diverse_then_repeat_backdoor,10,0,0,2,18,1.0,1.0,9.0,3.463183283805847,1.0,1.0,5
cifar10,20,2,mixed_maturity,access_full,dirichlet_lcb,diverse_then_repeat_backdoor,10,1,0,2,18,1.0,1.0,9.0,3.4514578580856323,1.0,1.0,5
cifar10,20,2,mixed_maturity,access_full,dirichlet_lcb,diverse_then_repeat_backdoor,10,2,0,2,18,1.0,1.0,9.0,3.728447198867798,1.0,1.0,5
cifar10,20,2,mixed_maturity,access_full,dirichlet_lcb,diverse_then_repeat_backdoor,10,3,0,2,18,1.0,1.0,9.0,2.812762975692749,1.0,1.0,5
cifar10,20,2,mixed_maturity,access_full,dirichlet_lcb,diverse_then_repeat_backdoor,10,4,0,2,18,1.0,1.0,9.0,2.9546183347702026,1.0,1.0,5
cifar10,20,2,mixed_maturity,access_full,dirichlet_lcb,diverse_then_repeat_backdoor,10,5,0,2,18,1.0,1.0,9.0,2.9937143325805664,1.0,1.0,5
cifar10,20,2,mixed_maturity,access_full,dirichlet_lcb,diverse_then_repeat_backdoor,10,6,0,2,18,1.0,1.0,9.0,3.1300084590911865,1.0,1.0,5
cifar10,20,2,mixed_maturity,access_full,dirichlet_lcb,diverse_then_repeat_backdoor,10,7,0,2,18,1.0,1.0,9.0,2.902816891670227,1.0,1.0,5
cifar10,20,2,mixed_maturity,access_full,dirichlet_lcb,diverse_then_repeat_backdoor,10,8,0,2,18,1.0,1.0,9.0,2.64544939994812,1.0,1.0,5
cifar10,20,2,mixed_maturity,access_full,dirichlet_lcb,diverse_then_repeat_backdoor,10,9,0,2,18,1.0,1.0,9.0,3.380980610847473,1.0,1.0,5
cifar10,20,2,mixed_maturity,access_full,dirichlet_lcb,benign_concept_drift,10,0,1,2,18,1.0,1.0,9.0,2.9336280822753906,1.0,1.0,5
cifar10,20,2,mixed_maturity,access_full,dirichlet_lcb,benign_concept_drift,10,1,1,2,18,1.0,1.0,9.0,2.7439301013946533,1.0,1.0,5
cifar10,20,2,mixed_maturity,access_full,dirichlet_lcb,benign_concept_drift,10,2,1,2,18,1.0,1.0,9.0,2.6948466300964355,1.0,1.0,5
cifar10,20,2,mixed_maturity,access_full,dirichlet_lcb,benign_concept_drift,10,3,1,2,18,1.0,1.0,9.0,2.914799451828003,1.0,1.0,5
cifar10,20,2,mixed_maturity,access_full,dirichlet_lcb,benign_concept_drift,10,4,1,2,18,1.0,1.0,9.0,3.3364148139953613,1.0,1.0,5
cifar10,20,2,mixed_maturity,access_full,dirichlet_lcb,benign_concept_drift,10,5,1,2,18,1.0,1.0,9.0,3.3523268699645996,1.0,1.0,5
cifar10,20,2,mixed_maturity,access_full,dirichlet_lcb,benign_concept_drift,10,6,1,2,18,1.0,1.0,9.0,3.6428695917129517,1.0,1.0,5
cifar10,20,2,mixed_maturity,access_full,dirichlet_lcb,benign_concept_drift,10,7,1,2,18,1.0,1.0,9.0,3.414823293685913,1.0,1.0,5
cifar10,20,2,mixed_maturity,access_full,dirichlet_lcb,benign_concept_drift,10,8,1,2,18,1.0,1.0,9.0,2.9992202520370483,1.0,1.0,5
cifar10,20,2,mixed_maturity,access_full,dirichlet_lcb,benign_concept_drift,10,9,1,2,18,1.0,1.0,9.0,2.7455973625183105,1.0,1.0,5
cifar10,20,2,mixed_maturity,rffl_reputation,dirichlet_lcb,diverse_then_repeat_backdoor,10,0,0,2,18,1.0,0.0,9.0,3.4537265300750732,1.0,1.0,1
cifar10,20,2,mixed_maturity,rffl_reputation,dirichlet_lcb,diverse_then_repeat_backdoor,10,1,0,2,18,1.0,0.0,9.0,2.6697269678115845,1.0,1.0,1
cifar10,20,2,mixed_maturity,rffl_reputation,dirichlet_lcb,diverse_then_repeat_backdoor,10,2,0,2,18,1.0,0.0,9.0,2.9295533895492554,1.0,1.0,1
cifar10,20,2,mixed_maturity,rffl_reputation,dirichlet_lcb,diverse_then_repeat_backdoor,10,3,0,2,18,1.0,0.0,9.0,2.8920763731002808,1.0,1.0,1
cifar10,20,2,mixed_maturity,rffl_reputation,dirichlet_lcb,diverse_then_repeat_backdoor,10,4,0,2,18,1.0,0.0,9.0,3.293887734413147,1.0,1.0,1
cifar10,20,2,mixed_maturity,rffl_reputation,dirichlet_lcb,diverse_then_repeat_backdoor,10,5,0,2,18,1.0,0.0,9.0,2.9361302852630615,1.0,1.0,1
cifar10,20,2,mixed_maturity,rffl_reputation,dirichlet_lcb,diverse_then_repeat_backdoor,10,6,0,2,18,1.0,0.0,9.0,2.944020986557007,1.0,1.0,1
cifar10,20,2,mixed_maturity,rffl_reputation,dirichlet_lcb,diverse_then_repeat_backdoor,10,7,0,2,18,1.0,0.0,9.0,3.6210949420928955,1.0,1.0,1
cifar10,20,2,mixed_maturity,rffl_reputation,dirichlet_lcb,diverse_then_repeat_backdoor,10,8,0,2,18,1.0,0.0,9.0,3.5291048288345337,1.0,1.0,1
cifar10,20,2,mixed_maturity,rffl_reputation,dirichlet_lcb,diverse_then_repeat_backdoor,10,9,0,2,18,1.0,0.0,9.0,3.4682379961013794,1.0,1.0,1
cifar10,20,2,mixed_maturity,rffl_reputation,dirichlet_lcb,benign_concept_drift,10,0,1,2,18,1.0,0.0,9.0,2.750277876853943,1.0,1.0,1
cifar10,20,2,mixed_maturity,rffl_reputation,dirichlet_lcb,benign_concept_drift,10,1,1,2,18,1.0,0.0,9.0,3.5329869985580444,1.0,1.0,1
cifar10,20,2,mixed_maturity,rffl_reputation,dirichlet_lcb,benign_concept_drift,10,2,1,2,18,1.0,0.0,9.0,2.5319913625717163,1.0,1.0,1
cifar10,20,2,mixed_maturity,rffl_reputation,dirichlet_lcb,benign_concept_drift,10,3,1,2,18,1.0,0.0,9.0,2.8317015171051025,1.0,1.0,1
cifar10,20,2,mixed_maturity,rffl_reputation,dirichlet_lcb,benign_concept_drift,10,4,1,2,18,1.0,0.0,9.0,2.6405848264694214,1.0,1.0,1
cifar10,20,2,mixed_maturity,rffl_reputation,dirichlet_lcb,benign_concept_drift,10,5,1,2,18,1.0,0.0,9.0,3.0339388847351074,1.0,1.0,1
cifar10,20,2,mixed_maturity,rffl_reputation,dirichlet_lcb,benign_concept_drift,10,6,1,2,18,1.0,0.0,9.0,3.184167742729187,1.0,1.0,1
cifar10,20,2,mixed_maturity,rffl_reputation,dirichlet_lcb,benign_concept_drift,10,7,1,2,18,1.0,0.0,9.0,3.1058989763259888,1.0,1.0,1
cifar10,20,2,mixed_maturity,rffl_reputation,dirichlet_lcb,benign_concept_drift,10,8,1,2,18,1.0,0.0,9.0,2.6657711267471313,1.0,1.0,1
cifar10,20,2,mixed_maturity,rffl_reputation,dirichlet_lcb,benign_concept_drift,10,9,1,2,18,1.0,0.0,9.0,2.883531928062439,1.0,1.0,1
cifar10,10,1,mixed_maturity,access_freshness_lease,dirichlet_lcb,diverse_then_repeat_backdoor,0.5,0,0,1,9,1.0,1.0,9.0,3.194793701171875,1.0,1.0,5
cifar10,10,1,mixed_maturity,access_freshness_lease,dirichlet_lcb,diverse_then_repeat_backdoor,0.5,1,0,1,9,1.0,1.0,9.0,2.4497568607330322,1.0,1.0,5
cifar10,10,1,mixed_maturity,access_freshness_lease,dirichlet_lcb,diverse_then_repeat_backdoor,0.5,2,0,1,9,1.0,1.0,9.0,3.0314671993255615,1.0,1.0,5
cifar10,10,1,mixed_maturity,access_freshness_lease,dirichlet_lcb,diverse_then_repeat_backdoor,0.5,3,0,1,9,1.0,1.0,9.0,2.5181753635406494,1.0,1.0,5
cifar10,10,1,mixed_maturity,access_freshness_lease,dirichlet_lcb,diverse_then_repeat_backdoor,0.5,4,0,1,9,1.0,1.0,9.0,2.567744493484497,1.0,1.0,5
cifar10,10,1,mixed_maturity,access_freshness_lease,dirichlet_lcb,diverse_then_repeat_backdoor,0.5,5,0,1,9,1.0,1.0,9.0,2.471891164779663,1.0,1.0,5
cifar10,10,1,mixed_maturity,access_freshness_lease,dirichlet_lcb,diverse_then_repeat_backdoor,0.5,6,0,1,9,1.0,1.0,9.0,2.4531145095825195,1.0,1.0,5
cifar10,10,1,mixed_maturity,access_freshness_lease,dirichlet_lcb,diverse_then_repeat_backdoor,0.5,7,0,1,9,1.0,1.0,9.0,2.6642138957977295,1.0,1.0,5
cifar10,10,1,mixed_maturity,access_freshness_lease,dirichlet_lcb,diverse_then_repeat_backdoor,0.5,8,0,1,9,1.0,1.0,9.0,2.9042842388153076,1.0,1.0,5
cifar10,10,1,mixed_maturity,access_freshness_lease,dirichlet_lcb,diverse_then_repeat_backdoor,0.5,9,0,1,9,1.0,1.0,9.0,2.8935816287994385,1.0,1.0,5
cifar10,10,1,mixed_maturity,access_freshness_lease,dirichlet_lcb,benign_concept_drift,0.5,0,1,1,9,1.0,1.0,9.0,2.764594554901123,1.0,1.0,5
cifar10,10,1,mixed_maturity,access_freshness_lease,dirichlet_lcb,benign_concept_drift,0.5,1,1,1,9,1.0,1.0,9.0,3.0785961151123047,1.0,1.0,5
cifar10,10,1,mixed_maturity,access_freshness_lease,dirichlet_lcb,benign_concept_drift,0.5,2,1,1,9,1.0,1.0,9.0,2.396293878555298,1.0,1.0,5
cifar10,10,1,mixed_maturity,access_freshness_lease,dirichlet_lcb,benign_concept_drift,0.5,3,1,1,9,1.0,1.0,9.0,2.8812003135681152,1.0,1.0,5
cifar10,10,1,mixed_maturity,access_freshness_lease,dirichlet_lcb,benign_concept_drift,0.5,4,1,1,9,1.0,1.0,9.0,3.139575242996216,1.0,1.0,5
cifar10,10,1,mixed_maturity,access_freshness_lease,dirichlet_lcb,benign_concept_drift,0.5,5,1,1,9,1.0,1.0,9.0,2.9551901817321777,1.0,1.0,5
cifar10,10,1,mixed_maturity,access_freshness_lease,dirichlet_lcb,benign_concept_drift,0.5,6,1,1,9,1.0,1.0,9.0,2.9921133518218994,1.0,1.0,5
cifar10,10,1,mixed_maturity,access_freshness_lease,dirichlet_lcb,benign_concept_drift,0.5,7,1,1,9,1.0,1.0,9.0,2.6854560375213623,1.0,1.0,5
cifar10,10,1,mixed_maturity,access_freshness_lease,dirichlet_lcb,benign_concept_drift,0.5,8,1,1,9,1.0,1.0,9.0,2.6732969284057617,1.0,1.0,5
cifar10,10,1,mixed_maturity,access_freshness_lease,dirichlet_lcb,benign_concept_drift,0.5,9,1,1,9,1.0,1.0,9.0,2.5492279529571533,1.0,1.0,5
cifar10,10,1,mixed_maturity,access_full,dirichlet_lcb,diverse_then_repeat_backdoor,0.5,0,0,1,9,1.0,1.0,9.0,2.615417718887329,1.0,1.0,5
cifar10,10,1,mixed_maturity,access_full,dirichlet_lcb,diverse_then_repeat_backdoor,0.5,1,0,1,9,1.0,1.0,9.0,2.7711150646209717,1.0,1.0,5
cifar10,10,1,mixed_maturity,access_full,dirichlet_lcb,diverse_then_repeat_backdoor,0.5,2,0,1,9,1.0,1.0,9.0,2.77907657623291,1.0,1.0,5
cifar10,10,1,mixed_maturity,access_full,dirichlet_lcb,diverse_then_repeat_backdoor,0.5,3,0,1,9,1.0,1.0,9.0,2.2954840660095215,1.0,1.0,5
cifar10,10,1,mixed_maturity,access_full,dirichlet_lcb,diverse_then_repeat_backdoor,0.5,4,0,1,9,1.0,1.0,9.0,2.8986892700195312,1.0,1.0,5
cifar10,10,1,mixed_maturity,access_full,dirichlet_lcb,diverse_then_repeat_backdoor,0.5,5,0,1,9,1.0,1.0,9.0,2.6656477451324463,1.0,1.0,5
cifar10,10,1,mixed_maturity,access_full,dirichlet_lcb,diverse_then_repeat_backdoor,0.5,6,0,1,9,1.0,1.0,9.0,2.7067084312438965,1.0,1.0,5
cifar10,10,1,mixed_maturity,access_full,dirichlet_lcb,diverse_then_repeat_backdoor,0.5,7,0,1,9,1.0,1.0,9.0,2.793041229248047,1.0,1.0,5
cifar10,10,1,mixed_maturity,access_full,dirichlet_lcb,diverse_then_repeat_backdoor,0.5,8,0,1,9,1.0,1.0,9.0,3.014909029006958,1.0,1.0,5
cifar10,10,1,mixed_maturity,access_full,dirichlet_lcb,diverse_then_repeat_backdoor,0.5,9,0,1,9,1.0,1.0,9.0,2.8022093772888184,1.0,1.0,5
cifar10,10,1,mixed_maturity,access_full,dirichlet_lcb,benign_concept_drift,0.5,0,1,1,9,1.0,1.0,9.0,3.077383041381836,1.0,1.0,5
cifar10,10,1,mixed_maturity,access_full,dirichlet_lcb,benign_concept_drift,0.5,1,1,1,9,1.0,1.0,9.0,2.638944625854492,1.0,1.0,5
cifar10,10,1,mixed_maturity,access_full,dirichlet_lcb,benign_concept_drift,0.5,2,1,1,9,1.0,1.0,9.0,2.81838321685791,1.0,1.0,5
cifar10,10,1,mixed_maturity,access_full,dirichlet_lcb,benign_concept_drift,0.5,3,1,1,9,1.0,1.0,9.0,3.081469774246216,1.0,1.0,5
cifar10,10,1,mixed_maturity,access_full,dirichlet_lcb,benign_concept_drift,0.5,4,1,1,9,1.0,1.0,9.0,3.0376460552215576,1.0,1.0,5
cifar10,10,1,mixed_maturity,access_full,dirichlet_lcb,benign_concept_drift,0.5,5,1,1,9,1.0,1.0,9.0,2.575665235519409,1.0,1.0,5
cifar10,10,1,mixed_maturity,access_full,dirichlet_lcb,benign_concept_drift,0.5,6,1,1,9,1.0,1.0,9.0,2.5397136211395264,1.0,1.0,5
cifar10,10,1,mixed_maturity,access_full,dirichlet_lcb,benign_concept_drift,0.5,7,1,1,9,1.0,1.0,9.0,2.545337677001953,1.0,1.0,5
cifar10,10,1,mixed_maturity,access_full,dirichlet_lcb,benign_concept_drift,0.5,8,1,1,9,1.0,1.0,9.0,2.439162254333496,1.0,1.0,5
cifar10,10,1,mixed_maturity,access_full,dirichlet_lcb,benign_concept_drift,0.5,9,1,1,9,1.0,1.0,9.0,2.504347324371338,1.0,1.0,5
cifar10,10,1,mixed_maturity,rffl_reputation,dirichlet_lcb,diverse_then_repeat_backdoor,0.5,0,0,1,9,1.0,0.0,9.0,2.896249532699585,1.0,1.0,1
cifar10,10,1,mixed_maturity,rffl_reputation,dirichlet_lcb,diverse_then_repeat_backdoor,0.5,1,0,1,9,1.0,0.0,9.0,2.7909185886383057,1.0,1.0,1
cifar10,10,1,mixed_maturity,rffl_reputation,dirichlet_lcb,diverse_then_repeat_backdoor,0.5,2,0,1,9,1.0,0.0,9.0,2.3740179538726807,1.0,1.0,1
cifar10,10,1,mixed_maturity,rffl_reputation,dirichlet_lcb,diverse_then_repeat_backdoor,0.5,3,0,1,9,1.0,0.0,9.0,2.8851020336151123,1.0,1.0,1
cifar10,10,1,mixed_maturity,rffl_reputation,dirichlet_lcb,diverse_then_repeat_backdoor,0.5,4,0,1,9,1.0,0.0,9.0,3.267256498336792,1.0,1.0,1
cifar10,10,1,mixed_maturity,rffl_reputation,dirichlet_lcb,diverse_then_repeat_backdoor,0.5,5,0,1,9,1.0,0.0,9.0,2.926908254623413,1.0,1.0,1
cifar10,10,1,mixed_maturity,rffl_reputation,dirichlet_lcb,diverse_then_repeat_backdoor,0.5,6,0,1,9,1.0,0.0,9.0,2.9549660682678223,1.0,1.0,1
cifar10,10,1,mixed_maturity,rffl_reputation,dirichlet_lcb,diverse_then_repeat_backdoor,0.5,7,0,1,9,1.0,0.0,9.0,2.4688777923583984,1.0,1.0,1
cifar10,10,1,mixed_maturity,rffl_reputation,dirichlet_lcb,diverse_then_repeat_backdoor,0.5,8,0,1,9,1.0,0.0,9.0,2.894679069519043,1.0,1.0,1
cifar10,10,1,mixed_maturity,rffl_reputation,dirichlet_lcb,diverse_then_repeat_backdoor,0.5,9,0,1,9,1.0,0.0,9.0,3.040728807449341,1.0,1.0,1
cifar10,10,1,mixed_maturity,rffl_reputation,dirichlet_lcb,benign_concept_drift,0.5,0,1,1,9,1.0,0.0,9.0,2.8874940872192383,1.0,1.0,1
cifar10,10,1,mixed_maturity,rffl_reputation,dirichlet_lcb,benign_concept_drift,0.5,1,1,1,9,1.0,0.0,9.0,2.27573299407959,1.0,1.0,1
cifar10,10,1,mixed_maturity,rffl_reputation,dirichlet_lcb,benign_concept_drift,0.5,2,1,1,9,1.0,0.0,9.0,2.7023513317108154,1.0,1.0,1
cifar10,10,1,mixed_maturity,rffl_reputation,dirichlet_lcb,benign_concept_drift,0.5,3,1,1,9,1.0,0.0,9.0,3.3395612239837646,1.0,1.0,1
cifar10,10,1,mixed_maturity,rffl_reputation,dirichlet_lcb,benign_concept_drift,0.5,4,1,1,9,1.0,0.0,9.0,2.859973907470703,1.0,1.0,1
cifar10,10,1,mixed_maturity,rffl_reputation,dirichlet_lcb,benign_concept_drift,0.5,5,1,1,9,1.0,0.0,9.0,2.212488889694214,1.0,1.0,1
cifar10,10,1,mixed_maturity,rffl_reputation,dirichlet_lcb,benign_concept_drift,0.5,6,1,1,9,1.0,0.0,9.0,2.836937427520752,1.0,1.0,1
cifar10,10,1,mixed_maturity,rffl_reputation,dirichlet_lcb,benign_concept_drift,0.5,7,1,1,9,1.0,0.0,9.0,2.6298530101776123,1.0,1.0,1
cifar10,10,1,mixed_maturity,rffl_reputation,dirichlet_lcb,benign_concept_drift,0.5,8,1,1,9,1.0,0.0,9.0,2.9309542179107666,1.0,1.0,1
cifar10,10,1,mixed_maturity,rffl_reputation,dirichlet_lcb,benign_concept_drift,0.5,9,1,1,9,1.0,0.0,9.0,2.870868444442749,1.0,1.0,1
