"dataset","client_count","attacker_count","cohort_mode","variant","trust_estimator","attack_scenario","noniid_alpha","repeat","audit_valid","chain_valid","signatures_valid","event_count","checked_signatures","observed_head"
"cifar10","20","2","mixed_maturity","access_freshness_lease","dirichlet_lcb","diverse_then_repeat_backdoor","0.1","0","1","1","1","5608","3584","c4e967826f690210d0e073d40bc854119110ca26e0b1c17e068bbdff50ebf3f9"
"cifar10","20","2","mixed_maturity","access_freshness_lease","dirichlet_lcb","diverse_then_repeat_backdoor","0.1","1","1","1","1","5614","3587","bda6d5f93435af63a7296962a19ac7713a05ff503ffcf55dda367281d558be94"
"cifar10","20","2","mixed_maturity","access_freshness_lease","dirichlet_lcb","diverse_then_repeat_backdoor","0.1","2","1","1","1","5622","3594","97f4ef3651a1e99d43e381e2df5f77278969ea1e4307d9c64447bced9f3d24b8"
"cifar10","20","2","mixed_maturity","access_freshness_lease","dirichlet_lcb","diverse_then_repeat_backdoor","0.1","3","1","1","1","5623","3596","a191e52cdaa5ba42b04924f14e5162412d78a0ec5ad3e57f42d84bd34084a9a7"
"cifar10","20","2","mixed_maturity","access_freshness_lease","dirichlet_lcb","diverse_then_repeat_backdoor","0.1","4","1","1","1","5613","3588","aafeafbcf9563775595d7b68b644e48b39d52a4ff6aa37123e879be0e2ec5b16"
"cifar10","20","2","mixed_maturity","access_freshness_lease","dirichlet_lcb","diverse_then_repeat_backdoor","0.1","5","1","1","1","5610","3585","e722ac2aeedc759d6ecfc365f75e836bc75ea7bbc79dd8beb4de34fe48d7985f"
"cifar10","20","2","mixed_maturity","access_freshness_lease","dirichlet_lcb","diverse_then_repeat_backdoor","0.1","6","1","1","1","5600","3580","ea978020f5502bb0c40aa77d429e59a73fc88aedf127f1c3b46f6d66a0240b4c"
"cifar10","20","2","mixed_maturity","access_freshness_lease","dirichlet_lcb","diverse_then_repeat_backdoor","0.1","7","1","1","1","5607","3585","305baafef89e9b5b6f12629ae3931abaa77e0c409aa81759c0c6063f7c7daed5"
"cifar10","20","2","mixed_maturity","access_freshness_lease","dirichlet_lcb","diverse_then_repeat_backdoor","0.1","8","1","1","1","5604","3582","04f39570a137dec30ac93d43c195caece21613c03761101dacfc8fef70b75d71"
"cifar10","20","2","mixed_maturity","access_freshness_lease","dirichlet_lcb","diverse_then_repeat_backdoor","0.1","9","1","1","1","5614","3587","ef7b37a814d776409f2033995d8b1352a7569278b7db095deac3808e87a12c9d"
"cifar10","20","2","mixed_maturity","access_freshness_lease","dirichlet_lcb","benign_concept_drift","0.1","0","1","1","1","5608","3584","327af0fc970c9cc20096118a53c3cd9f04f223b2864204fede10c4b2d3c93e5f"
"cifar10","20","2","mixed_maturity","access_freshness_lease","dirichlet_lcb","benign_concept_drift","0.1","1","1","1","1","5614","3587","b3ab482f396de941334c53597ea935697451fdd8f83219d212e977e182cca575"
"cifar10","20","2","mixed_maturity","access_freshness_lease","dirichlet_lcb","benign_concept_drift","0.1","2","1","1","1","5622","3594","dd52c99e5c0b658f14c28fa487f625aa4be5c2e5a531686e2dd8a40f41985e61"
"cifar10","20","2","mixed_maturity","access_freshness_lease","dirichlet_lcb","benign_concept_drift","0.1","3","1","1","1","5623","3596","d71ce1c6e1b15d2373adc70eab79f28ec12419149d25068726d786002fbb3b20"
"cifar10","20","2","mixed_maturity","access_freshness_lease","dirichlet_lcb","benign_concept_drift","0.1","4","1","1","1","5613","3588","4a1ff583491d48b5d8e06432e8221c885a11f3d63295bd39cde12ddf101837a3"
"cifar10","20","2","mixed_maturity","access_freshness_lease","dirichlet_lcb","benign_concept_drift","0.1","5","1","1","1","5610","3585","b618aee65260720e19461b5eee5976e53e699d2f16c04c2f7db43366c1ea6949"
"cifar10","20","2","mixed_maturity","access_freshness_lease","dirichlet_lcb","benign_concept_drift","0.1","6","1","1","1","5600","3580","621a2737c957494cb43e1c248816bf62a78be03b6bf8e1ae4b243225fcbe3c86"
"cifar10","20","2","mixed_maturity","access_freshness_lease","dirichlet_lcb","benign_concept_drift","0.1","7","1","1","1","5607","3585","cfc1bd6a66343d1de0736bbce9d15e89e8224301fd137f48f1bc75787a421346"
"cifar10","20","2","mixed_maturity","access_freshness_lease","dirichlet_lcb","benign_concept_drift","0.1","8","1","1","1","5604","3582","82de5af48893bf3d6d7ff60802a2d13a2ec22af306d559d73e40d4b06236131f"
"cifar10","20","2","mixed_maturity","access_freshness_lease","dirichlet_lcb","benign_concept_drift","0.1","9","1","1","1","5614","3587","e815c7c20a856b516cc9150a2bb0640236d268033ca8b3cdb4f0cc977a67034a"
"cifar10","20","2","mixed_maturity","access_full","dirichlet_lcb","diverse_then_repeat_backdoor","0.1","0","1","1","1","5590","3584","70a1af6a505255d5edf29c4e36e9924aa5472285fb776f71a5fd6093ddc4e53b"
"cifar10","20","2","mixed_maturity","access_full","dirichlet_lcb","diverse_then_repeat_backdoor","0.1","1","1","1","1","5596","3587","b798da982266eba784cc0984ff064ed6b19a4f6128e15a1324b8caaba09a2293"
"cifar10","20","2","mixed_maturity","access_full","dirichlet_lcb","diverse_then_repeat_backdoor","0.1","2","1","1","1","5604","3594","cdb300ddcf58f7a47431041c05c4dcb45046911fc7968cef061de1cb78d470ac"
"cifar10","20","2","mixed_maturity","access_full","dirichlet_lcb","diverse_then_repeat_backdoor","0.1","3","1","1","1","5605","3596","2832fceffcc3070084ddc85be4feeeb2371e8fdde81a7ba46822114a68f1a629"
"cifar10","20","2","mixed_maturity","access_full","dirichlet_lcb","diverse_then_repeat_backdoor","0.1","4","1","1","1","5595","3588","84668a4a258ce639d5ce6ba5370aa872fced6f65f916ec714458798f6be06f12"
"cifar10","20","2","mixed_maturity","access_full","dirichlet_lcb","diverse_then_repeat_backdoor","0.1","5","1","1","1","5592","3585","b28ab49b7cd540fe65f36c91d9f6f72efd137228bd8432afa369ccf34799410e"
"cifar10","20","2","mixed_maturity","access_full","dirichlet_lcb","diverse_then_repeat_backdoor","0.1","6","1","1","1","5582","3580","e0471a9603d3b69b4de058102d179af5edf6b828830982e2a95bc52f9177e7cd"
"cifar10","20","2","mixed_maturity","access_full","dirichlet_lcb","diverse_then_repeat_backdoor","0.1","7","1","1","1","5589","3585","585611eb35133d6eb59169726144c85e5afc86b25db3adc308bbf93104260550"
"cifar10","20","2","mixed_maturity","access_full","dirichlet_lcb","diverse_then_repeat_backdoor","0.1","8","1","1","1","5586","3582","84baa16bb9606e2972259f54710299c35308e82455c5155a21295268d8d0bfc7"
"cifar10","20","2","mixed_maturity","access_full","dirichlet_lcb","diverse_then_repeat_backdoor","0.1","9","1","1","1","5596","3587","d5385b2fcad2db313048113abf39e0fb31909cabc78d08a387a715ef167a9a4f"
"cifar10","20","2","mixed_maturity","access_full","dirichlet_lcb","benign_concept_drift","0.1","0","1","1","1","5590","3584","445ca8a861461c6f93de99efc820d2b575bd539e541ed7dfaf46c8352a1a32d7"
"cifar10","20","2","mixed_maturity","access_full","dirichlet_lcb","benign_concept_drift","0.1","1","1","1","1","5596","3587","e1bdbdb224859b8bfb1d242280cd776d884309d7a84154f2ddc640a34e05b2fa"
"cifar10","20","2","mixed_maturity","access_full","dirichlet_lcb","benign_concept_drift","0.1","2","1","1","1","5604","3594","5ffa6d0a3e9853885238754e1858b56a88feb848c6445f405cee61e21f7112eb"
"cifar10","20","2","mixed_maturity","access_full","dirichlet_lcb","benign_concept_drift","0.1","3","1","1","1","5605","3596","e69e2f48c94938458a52681872d79770a56a29b0548f4e382f772a5efe292624"
"cifar10","20","2","mixed_maturity","access_full","dirichlet_lcb","benign_concept_drift","0.1","4","1","1","1","5595","3588","15075ea67f2b35cd8feace62dcc24fc44789e14b16527a68b5561e573a173966"
"cifar10","20","2","mixed_maturity","access_full","dirichlet_lcb","benign_concept_drift","0.1","5","1","1","1","5592","3585","59b6007243d64b0f9158ffde8a8dc54b54307f50d5c8eb80e7393287b7701da9"
"cifar10","20","2","mixed_maturity","access_full","dirichlet_lcb","benign_concept_drift","0.1","6","1","1","1","5582","3580","c356690db53489fd92e93ff9d34d7a8ea563bed6ee9cec12c0a54ebd2ca97629"
"cifar10","20","2","mixed_maturity","access_full","dirichlet_lcb","benign_concept_drift","0.1","7","1","1","1","5589","3585","d1b5d10952bb4e88c7be634c6480db286dabf8a3e5030e7017c81bb9413e19c1"
"cifar10","20","2","mixed_maturity","access_full","dirichlet_lcb","benign_concept_drift","0.1","8","1","1","1","5586","3582","63e3f9474bd3d909c4e771507884f4677a2f71e33e822c7118d717e84f829806"
"cifar10","20","2","mixed_maturity","access_full","dirichlet_lcb","benign_concept_drift","0.1","9","1","1","1","5596","3587","606b7d9225e3a5659d6a65c5a58f902f070c5f2a9614d0edd98a798eed701d42"
"cifar10","20","2","mixed_maturity","rffl_reputation","dirichlet_lcb","diverse_then_repeat_backdoor","0.1","0","1","1","1","5383","3460","65ab840c303353d432d2946f5eabb596e2045b7054068f6d8127683c7db29573"
"cifar10","20","2","mixed_maturity","rffl_reputation","dirichlet_lcb","diverse_then_repeat_backdoor","0.1","1","1","1","1","5594","3587","1d195676fb7b5de441608ef30a96b7f59a496c372c6523a8fc399a0a16b81ed8"
"cifar10","20","2","mixed_maturity","rffl_reputation","dirichlet_lcb","diverse_then_repeat_backdoor","0.1","2","1","1","1","5552","3563","372398bea9a0d6ddb3c4605e728392f41d06c50cb2151b5b3081446c4ba00495"
"cifar10","20","2","mixed_maturity","rffl_reputation","dirichlet_lcb","diverse_then_repeat_backdoor","0.1","3","1","1","1","5603","3596","58e3fa2411a262804d5591df805e7867391ac2f020bd913b8593fefa6f423443"
"cifar10","20","2","mixed_maturity","rffl_reputation","dirichlet_lcb","diverse_then_repeat_backdoor","0.1","4","1","1","1","5593","3588","00bc51f4a7e5f3c151fa513aa7137631ec20511761fe2d24907fa24a259d9bd4"
"cifar10","20","2","mixed_maturity","rffl_reputation","dirichlet_lcb","diverse_then_repeat_backdoor","0.1","5","1","1","1","5590","3585","05da171bd06abe33287c8e8ee28d1fdbda797d001789e376c72d07399a8b7c11"
"cifar10","20","2","mixed_maturity","rffl_reputation","dirichlet_lcb","diverse_then_repeat_backdoor","0.1","6","1","1","1","5580","3580","e65cd55049075e3be9862e8dd922e43187ccc7519bc740c93953a456ced03224"
"cifar10","20","2","mixed_maturity","rffl_reputation","dirichlet_lcb","diverse_then_repeat_backdoor","0.1","7","1","1","1","5587","3585","2d9be2ba7a534552f2db7ea506eabf81a3c255b14fcd248ae250f339867785c7"
"cifar10","20","2","mixed_maturity","rffl_reputation","dirichlet_lcb","diverse_then_repeat_backdoor","0.1","8","1","1","1","5444","3497","ffee4a0b4656b043144e8e2446df73f321c9c42cbd5ffb55512874d9754afea3"
"cifar10","20","2","mixed_maturity","rffl_reputation","dirichlet_lcb","diverse_then_repeat_backdoor","0.1","9","1","1","1","5594","3587","6c3e380227279a088fdcedc43eb1b7951902252968440476c99da5da2b99ef4f"
"cifar10","20","2","mixed_maturity","rffl_reputation","dirichlet_lcb","benign_concept_drift","0.1","0","1","1","1","5588","3584","b8a879e51c97702ad8b5dc6688477012c96b5535dd634867a701c73a260d3d1f"
"cifar10","20","2","mixed_maturity","rffl_reputation","dirichlet_lcb","benign_concept_drift","0.1","1","1","1","1","5594","3587","dcda5dc42c712cda812258886d4e828d242a604d057d1f52e392884c310e2217"
"cifar10","20","2","mixed_maturity","rffl_reputation","dirichlet_lcb","benign_concept_drift","0.1","2","1","1","1","5602","3594","09b5757091d0a79f6b4b1f4a8432a24031ff601dbafc384002f4250cda154cec"
"cifar10","20","2","mixed_maturity","rffl_reputation","dirichlet_lcb","benign_concept_drift","0.1","3","1","1","1","5603","3596","566c07a67ba5ef800f9032460d4c047cf50e605421d004943a2d3d3c33806638"
"cifar10","20","2","mixed_maturity","rffl_reputation","dirichlet_lcb","benign_concept_drift","0.1","4","1","1","1","5593","3588","d15f2e1b274d2eb4600a5d2a719c8964596166eea4f62ece6bc0356849b18b33"
"cifar10","20","2","mixed_maturity","rffl_reputation","dirichlet_lcb","benign_concept_drift","0.1","5","1","1","1","5590","3585","308227696c09aa44065b82b0eba7d993f773f9342735aab285fb3102630ba83f"
"cifar10","20","2","mixed_maturity","rffl_reputation","dirichlet_lcb","benign_concept_drift","0.1","6","1","1","1","5580","3580","0904d705c84ce0a8f5e11bfd33d897bf0ccc9c18483df5a9adebd459920c0911"
"cifar10","20","2","mixed_maturity","rffl_reputation","dirichlet_lcb","benign_concept_drift","0.1","7","1","1","1","5587","3585","e0c3b7f0ae0cbf0f92fcbef400c26f8b01245181a2f40e7168fed450ef9d81a1"
"cifar10","20","2","mixed_maturity","rffl_reputation","dirichlet_lcb","benign_concept_drift","0.1","8","1","1","1","5529","3548","d042b452df537eb6b176d6976a681352383202db5951943c8fa1825f5f81d02d"
"cifar10","20","2","mixed_maturity","rffl_reputation","dirichlet_lcb","benign_concept_drift","0.1","9","1","1","1","5594","3587","7caddbbe7d2c98e0965e0014eb690b3bab6ea157a0eea38915be0fa18873aefe"
"cifar10","20","2","mixed_maturity","access_freshness_lease","dirichlet_lcb","diverse_then_repeat_backdoor","10","0","1","1","1","5608","3584","a0d36fcb9f85cd79d6a79540a7da98f62cc1e86711b2b582bcdfda33d03bbf34"
"cifar10","20","2","mixed_maturity","access_freshness_lease","dirichlet_lcb","diverse_then_repeat_backdoor","10","1","1","1","1","5614","3587","0af03b4d9ca312d04aa5c890d2e1f9ecd2cd0e22a376afcde75d5755270ff43b"
"cifar10","20","2","mixed_maturity","access_freshness_lease","dirichlet_lcb","diverse_then_repeat_backdoor","10","2","1","1","1","5622","3594","4ce9524ae0c8884fe7b0a3c1c2ba30f0d44022b5755a15fe198a3e499c904466"
"cifar10","20","2","mixed_maturity","access_freshness_lease","dirichlet_lcb","diverse_then_repeat_backdoor","10","3","1","1","1","5623","3596","abf28ad2bb91a7b76ecca474a75fcf5deea58304b6e518edddb6aad269b45028"
"cifar10","20","2","mixed_maturity","access_freshness_lease","dirichlet_lcb","diverse_then_repeat_backdoor","10","4","1","1","1","5613","3588","b155aa88d4b993da94cdfa8171f4828e8de7a61b45d112f15d4d36abf4035288"
"cifar10","20","2","mixed_maturity","access_freshness_lease","dirichlet_lcb","diverse_then_repeat_backdoor","10","5","1","1","1","5610","3585","393d4351b528cf5dd36601fa640177d90d139033ce23f474e6227f566fa37a0a"
"cifar10","20","2","mixed_maturity","access_freshness_lease","dirichlet_lcb","diverse_then_repeat_backdoor","10","6","1","1","1","5600","3580","09d82c3f238a6f564b84287f7e28a17b4ef5f55a5a979eae06101262c5221ac7"
"cifar10","20","2","mixed_maturity","access_freshness_lease","dirichlet_lcb","diverse_then_repeat_backdoor","10","7","1","1","1","5607","3585","86e2e2c99869e1df5ca9a10d752c39b39224173142d4ce611deda46541629055"
"cifar10","20","2","mixed_maturity","access_freshness_lease","dirichlet_lcb","diverse_then_repeat_backdoor","10","8","1","1","1","5604","3582","b6eb7dfaebe9b509dde54f4030f8ca587ec06d52c542cd0ab2ab0ac09198f8e4"
"cifar10","20","2","mixed_maturity","access_freshness_lease","dirichlet_lcb","diverse_then_repeat_backdoor","10","9","1","1","1","5614","3587","e2c001a9a71adf715cba2c31f1ef115ea6304b6e17bba6e46e96a01f176d210d"
"cifar10","20","2","mixed_maturity","access_freshness_lease","dirichlet_lcb","benign_concept_drift","10","0","1","1","1","5608","3584","33ba80145e6e12f47b0a12056b1a0f516a8c0040fff4530492589a57d946d232"
"cifar10","20","2","mixed_maturity","access_freshness_lease","dirichlet_lcb","benign_concept_drift","10","1","1","1","1","5614","3587","7323606306f2fd2e4c1ba7fd51eaff40db625450f7d5a297589aa1d7f79a127c"
"cifar10","20","2","mixed_maturity","access_freshness_lease","dirichlet_lcb","benign_concept_drift","10","2","1","1","1","5622","3594","9f2fbf25aa99c8d5b4c77426bab7f053807320ad83ecfa5d97aae8b1d298f34e"
"cifar10","20","2","mixed_maturity","access_freshness_lease","dirichlet_lcb","benign_concept_drift","10","3","1","1","1","5623","3596","73b63d4af9d7e2b776705e0b0a2223d1db583c674e2bc7fbe7993b1c29c57886"
"cifar10","20","2","mixed_maturity","access_freshness_lease","dirichlet_lcb","benign_concept_drift","10","4","1","1","1","5613","3588","d870eee6c733b2c7c3f6f7c25bf736939e52f7371897d4fb8b53806bd053905d"
"cifar10","20","2","mixed_maturity","access_freshness_lease","dirichlet_lcb","benign_concept_drift","10","5","1","1","1","5610","3585","0ad7fc7a757a07de13f606267170a142301f2f0ba7313dcb8289502ba19e4dcb"
"cifar10","20","2","mixed_maturity","access_freshness_lease","dirichlet_lcb","benign_concept_drift","10","6","1","1","1","5600","3580","b8e6a150ed977ce9daa1c561462a5e700bd6986bd0536b934095eb3a6c8a8a98"
"cifar10","20","2","mixed_maturity","access_freshness_lease","dirichlet_lcb","benign_concept_drift","10","7","1","1","1","5607","3585","098f1f1614306a08be4bf117d161ed923148f147ef2f5745ab684b88f77c75e1"
"cifar10","20","2","mixed_maturity","access_freshness_lease","dirichlet_lcb","benign_concept_drift","10","8","1","1","1","5604","3582","58fb00b8d0f3fc3b85f7323b8754091083dcd22d6abf548f6a71393ad696cbf7"
"cifar10","20","2","mixed_maturity","access_freshness_lease","dirichlet_lcb","benign_concept_drift","10","9","1","1","1","5614","3587","4e793b8bfbe4e9916a3bc6accb795bce04c419847d7e6fefc784d0abd3aace3e"
"cifar10","20","2","mixed_maturity","access_full","dirichlet_lcb","diverse_then_repeat_backdoor","10","0","1","1","1","5590","3584","0e48590e035dbecc80d0348b35f7e20f886f8721b5888142e7b5686a84a733f8"
"cifar10","20","2","mixed_maturity","access_full","dirichlet_lcb","diverse_then_repeat_backdoor","10","1","1","1","1","5596","3587","01f8f84a4ac30689f5704d31ac0f3bc7402676c2aa49350a4557226a26cc41c7"
"cifar10","20","2","mixed_maturity","access_full","dirichlet_lcb","diverse_then_repeat_backdoor","10","2","1","1","1","5604","3594","4b5cbfe289e95a333e3567656379a4ff4471e1c19cbe6c107e9d5df5be68f7b1"
"cifar10","20","2","mixed_maturity","access_full","dirichlet_lcb","diverse_then_repeat_backdoor","10","3","1","1","1","5605","3596","02355a627a99940afb51c4b9430d38d04abd189619574c19c1833b5bea78b9e5"
"cifar10","20","2","mixed_maturity","access_full","dirichlet_lcb","diverse_then_repeat_backdoor","10","4","1","1","1","5595","3588","f7c8ffb74bb7431cc94883824e2279ec5a4023d797e1603f836c21bd1b96748a"
"cifar10","20","2","mixed_maturity","access_full","dirichlet_lcb","diverse_then_repeat_backdoor","10","5","1","1","1","5592","3585","4293591e59a48543a1e161d802a50efbc18c1322b495d815e914c41e6f158ee7"
"cifar10","20","2","mixed_maturity","access_full","dirichlet_lcb","diverse_then_repeat_backdoor","10","6","1","1","1","5582","3580","14c6f13daf3c442024b9e55e4fae0c949b5d29a0981073e9229e176bfa69daca"
"cifar10","20","2","mixed_maturity","access_full","dirichlet_lcb","diverse_then_repeat_backdoor","10","7","1","1","1","5589","3585","ff5cd71533067eaa8e1a977cd3700477d3d02453a9c879554a74d082b7d5ab08"
"cifar10","20","2","mixed_maturity","access_full","dirichlet_lcb","diverse_then_repeat_backdoor","10","8","1","1","1","5586","3582","f3c606323efa3da3dda4312477e20498a020381d2589e967d847c3f1cedc3804"
"cifar10","20","2","mixed_maturity","access_full","dirichlet_lcb","diverse_then_repeat_backdoor","10","9","1","1","1","5596","3587","7e8a62262a5dbf1cb98e5de669274db5521042fe77045527359afc502cca07fd"
"cifar10","20","2","mixed_maturity","access_full","dirichlet_lcb","benign_concept_drift","10","0","1","1","1","5590","3584","e6fcd9dcd7a94cc6bb5b1ca4149017d0434c4f9b4e576daceff9cd0756d08374"
"cifar10","20","2","mixed_maturity","access_full","dirichlet_lcb","benign_concept_drift","10","1","1","1","1","5596","3587","778a9980a70711b0f506bd60ac89567101dc2d533d698f03454b2067e9a16dc4"
"cifar10","20","2","mixed_maturity","access_full","dirichlet_lcb","benign_concept_drift","10","2","1","1","1","5604","3594","c4c8e2a48a6c9ae3d3651557b090da48eed44383f3fb7885472f5ac614d9badb"
"cifar10","20","2","mixed_maturity","access_full","dirichlet_lcb","benign_concept_drift","10","3","1","1","1","5605","3596","39a4584ccee082e25f6a62f527fbba7c650bd5131b200d5cbdc2f7fb0a25bde6"
"cifar10","20","2","mixed_maturity","access_full","dirichlet_lcb","benign_concept_drift","10","4","1","1","1","5595","3588","92a0e86b9a6ae721fdd3d1c3d5d8a6703da199a6ebc2c1e5cc11be31dc628763"
"cifar10","20","2","mixed_maturity","access_full","dirichlet_lcb","benign_concept_drift","10","5","1","1","1","5592","3585","3a9fc355b770d58d8252442dc0572ef2dd320461c4ecd4876ce3790b384032f2"
"cifar10","20","2","mixed_maturity","access_full","dirichlet_lcb","benign_concept_drift","10","6","1","1","1","5582","3580","6d486baa527649d58c7099585a05d545d7d29dfa83a9fc3a6c4f90f42d96229b"
"cifar10","20","2","mixed_maturity","access_full","dirichlet_lcb","benign_concept_drift","10","7","1","1","1","5589","3585","05a15a8c53321f412716fd2166bb0908d7edfad5930d3833b22679d98c5544ed"
"cifar10","20","2","mixed_maturity","access_full","dirichlet_lcb","benign_concept_drift","10","8","1","1","1","5586","3582","da45561ed8e8eeaeff830c1b837d735f17bd45640af0e84844c7988d4c883c4f"
"cifar10","20","2","mixed_maturity","access_full","dirichlet_lcb","benign_concept_drift","10","9","1","1","1","5596","3587","1f5b405e02831608c272768f31b0e2fc1f73cdd28f43d9f44b426fee763601d2"
"cifar10","20","2","mixed_maturity","rffl_reputation","dirichlet_lcb","diverse_then_repeat_backdoor","10","0","1","1","1","5393","3465","dcdd7890134086dd3a33e9e1fc14129ae5d6b2a1ca451d8e8cc1a57522cae21a"
"cifar10","20","2","mixed_maturity","rffl_reputation","dirichlet_lcb","diverse_then_repeat_backdoor","10","1","1","1","1","5574","3574","b170a43c4fdedcb16bb9276c1f70de98d55ecfffcca2c416992ec29a7a6d1040"
"cifar10","20","2","mixed_maturity","rffl_reputation","dirichlet_lcb","diverse_then_repeat_backdoor","10","2","1","1","1","5602","3593","ad3d0a30aa0bb576c24aad0e3384749199069482c46786dda383ed59ab46b3f8"
"cifar10","20","2","mixed_maturity","rffl_reputation","dirichlet_lcb","diverse_then_repeat_backdoor","10","3","1","1","1","5488","3526","1b16b41633fe9839810b5f30fed377a1903879401b5b6d46af4e62ee946657b7"
"cifar10","20","2","mixed_maturity","rffl_reputation","dirichlet_lcb","diverse_then_repeat_backdoor","10","4","1","1","1","5478","3517","887b663fde5556ee25138b1c332a6d315b950289b35566c203475070cc71cb89"
"cifar10","20","2","mixed_maturity","rffl_reputation","dirichlet_lcb","diverse_then_repeat_backdoor","10","5","1","1","1","5410","3475","75f49db04fc36486b67761bca31434e4541dbfcb316d04e9a50e62a77f7f5cd3"
"cifar10","20","2","mixed_maturity","rffl_reputation","dirichlet_lcb","diverse_then_repeat_backdoor","10","6","1","1","1","5395","3465","ebc7f2c4871b0287f338541210cbc2544e12deeeefa6148a97e0f33d6fdd01e8"
"cifar10","20","2","mixed_maturity","rffl_reputation","dirichlet_lcb","diverse_then_repeat_backdoor","10","7","1","1","1","5462","3509","e74efb28a507d556c3c861de29dfef9f93fcf26e1e7647e76be9b3a6e873eacc"
"cifar10","20","2","mixed_maturity","rffl_reputation","dirichlet_lcb","diverse_then_repeat_backdoor","10","8","1","1","1","5584","3582","bad1850876e44376800b404c3a0677431776038e777de534b060701f7f9ded10"
"cifar10","20","2","mixed_maturity","rffl_reputation","dirichlet_lcb","diverse_then_repeat_backdoor","10","9","1","1","1","5474","3514","3dd4a29d8800e8811b3c17dfd8c73bf19e831da28cf3a50db37d1d6c6b210af6"
"cifar10","20","2","mixed_maturity","rffl_reputation","dirichlet_lcb","benign_concept_drift","10","0","1","1","1","5348","3438","e61940572d8230967ca8cf85af40e907f27dcf4236938011aee1d041b11790a3"
"cifar10","20","2","mixed_maturity","rffl_reputation","dirichlet_lcb","benign_concept_drift","10","1","1","1","1","5569","3571","9a26280673bec0890d023eb60440c2dbc6c0b93fb215e6db3ce99be724746554"
"cifar10","20","2","mixed_maturity","rffl_reputation","dirichlet_lcb","benign_concept_drift","10","2","1","1","1","5262","3388","0e9c2e40d2cd5cdd488edc88ae3598f51d8dd8e390680ee315fb44b1ad693ab8"
"cifar10","20","2","mixed_maturity","rffl_reputation","dirichlet_lcb","benign_concept_drift","10","3","1","1","1","5603","3596","c8cb44741793090484a858f7387ee48fa8b5a20bba4c9b64dfaa5c74d73923c7"
"cifar10","20","2","mixed_maturity","rffl_reputation","dirichlet_lcb","benign_concept_drift","10","4","1","1","1","5288","3402","5c237bff7b07d5691206aae630bc4a04704f01e38e9fe350b5444e08b0c27a55"
"cifar10","20","2","mixed_maturity","rffl_reputation","dirichlet_lcb","benign_concept_drift","10","5","1","1","1","5415","3477","53619b8a91220ecf0945d0a34ec3c5411a427019e9191ffd6853f2911d784394"
"cifar10","20","2","mixed_maturity","rffl_reputation","dirichlet_lcb","benign_concept_drift","10","6","1","1","1","5560","3567","fd475d31d506d9dbd2a0ec0c9d54c5b07966bb155822963a8cff3f88c297bcc4"
"cifar10","20","2","mixed_maturity","rffl_reputation","dirichlet_lcb","benign_concept_drift","10","7","1","1","1","5342","3436","9104ae8ce7069bcd8d7072ffd4fe7906ecf6325ad4d30980b65b2efec87fa3c6"
"cifar10","20","2","mixed_maturity","rffl_reputation","dirichlet_lcb","benign_concept_drift","10","8","1","1","1","5479","3517","96364a4dfea9186db96cdcf6a7066629bd6bb7ea9865ecbc6c65dbf5d975ea32"
"cifar10","20","2","mixed_maturity","rffl_reputation","dirichlet_lcb","benign_concept_drift","10","9","1","1","1","5414","3477","3c296f98cadaf91683dcb3dbe1ba77ee8294aa61623580b614ce1fbf01cfa128"
"cifar10","10","1","mixed_maturity","access_freshness_lease","dirichlet_lcb","diverse_then_repeat_backdoor","0.5","0","1","1","1","2808","1794","0851a58367cb550956ff778cca38627a9208244439c8eea78d22ff2008ab34c7"
"cifar10","10","1","mixed_maturity","access_freshness_lease","dirichlet_lcb","diverse_then_repeat_backdoor","0.5","1","1","1","1","2810","1795","c02114cf41d4cad6d65541c7a8354656443a62ec3d171478d308941694b4e71c"
"cifar10","10","1","mixed_maturity","access_freshness_lease","dirichlet_lcb","diverse_then_repeat_backdoor","0.5","2","1","1","1","2806","1793","bd7b3beeb75d46e4660fdedc691faeab0205215cb552713a91a890e8d1f6fe40"
"cifar10","10","1","mixed_maturity","access_freshness_lease","dirichlet_lcb","diverse_then_repeat_backdoor","0.5","3","1","1","1","2806","1793","6a3c730de4549d338d51181e7b93ad0dcd5c1514b85d2ff3164aaa3275bc5052"
"cifar10","10","1","mixed_maturity","access_freshness_lease","dirichlet_lcb","diverse_then_repeat_backdoor","0.5","4","1","1","1","2809","1796","14bc9c4ad7dc6428d5c88dbdf74c9da4be88cce451a1a39cd6444518c47fb893"
"cifar10","10","1","mixed_maturity","access_freshness_lease","dirichlet_lcb","diverse_then_repeat_backdoor","0.5","5","1","1","1","2804","1792","00621e4a2cca11b66c33ddb01f71e84f47e93c3e40dbdb432eb13248eb7b821e"
"cifar10","10","1","mixed_maturity","access_freshness_lease","dirichlet_lcb","diverse_then_repeat_backdoor","0.5","6","1","1","1","2800","1790","dccc9dbb7869fdebeb46c42fb95c07ccc639e0c33d5d1f220a2794853395099f"
"cifar10","10","1","mixed_maturity","access_freshness_lease","dirichlet_lcb","diverse_then_repeat_backdoor","0.5","7","1","1","1","2804","1792","398b7e4f80567edca52e68755ec75890de4f37fd9dd2edb73b18c416b07e1313"
"cifar10","10","1","mixed_maturity","access_freshness_lease","dirichlet_lcb","diverse_then_repeat_backdoor","0.5","8","1","1","1","2802","1791","2966d85b27c8b6f0ad7f860ea7487f57442f940cba2c1a47450bc6faf47ccb0f"
"cifar10","10","1","mixed_maturity","access_freshness_lease","dirichlet_lcb","diverse_then_repeat_backdoor","0.5","9","1","1","1","2810","1795","fc91b519a1ad6a7eef6680c25739b98f0698adcb6326adfcbae42355e9388a49"
"cifar10","10","1","mixed_maturity","access_freshness_lease","dirichlet_lcb","benign_concept_drift","0.5","0","1","1","1","2808","1794","c095441b405c2e3cb0d6f765f98178cc71cd8b280327b704688ee7fee92751a3"
"cifar10","10","1","mixed_maturity","access_freshness_lease","dirichlet_lcb","benign_concept_drift","0.5","1","1","1","1","2810","1795","0576e7bff7c1fc5e974a2d617a1afbb9cbf89b4a6f0a008cce774f3f8c6df49c"
"cifar10","10","1","mixed_maturity","access_freshness_lease","dirichlet_lcb","benign_concept_drift","0.5","2","1","1","1","2806","1793","7f8edf21853e8a4f64e7f05d9ea698d1451123366757e68c502617c1b110a87e"
"cifar10","10","1","mixed_maturity","access_freshness_lease","dirichlet_lcb","benign_concept_drift","0.5","3","1","1","1","2806","1793","cc5a2a5283ee85c398997da70843a83e95c8f1e91bdaae1bee448e0e9afa1fb8"
"cifar10","10","1","mixed_maturity","access_freshness_lease","dirichlet_lcb","benign_concept_drift","0.5","4","1","1","1","2809","1796","b202662fbe6d2e180687046e8faade23c3ce4f219082976bcfacdcfb4e580f15"
"cifar10","10","1","mixed_maturity","access_freshness_lease","dirichlet_lcb","benign_concept_drift","0.5","5","1","1","1","2804","1792","280dd88026bdb045518d24267eebe4aa71e3e424ac613e7650ca7ffba0c79e15"
"cifar10","10","1","mixed_maturity","access_freshness_lease","dirichlet_lcb","benign_concept_drift","0.5","6","1","1","1","2800","1790","6e6451ad69846462bfe4865e9de159c7ac475519b3a25412fdba7856ca067046"
"cifar10","10","1","mixed_maturity","access_freshness_lease","dirichlet_lcb","benign_concept_drift","0.5","7","1","1","1","2804","1792","e4b21691249546bc0af2f7f6c47b671a7ec1e843de942c84537c89593636e026"
"cifar10","10","1","mixed_maturity","access_freshness_lease","dirichlet_lcb","benign_concept_drift","0.5","8","1","1","1","2802","1791","a3d875531e3ff2a293820a19fd650f6d5f4fe40370945ec557cdacdd9458bfa4"
"cifar10","10","1","mixed_maturity","access_freshness_lease","dirichlet_lcb","benign_concept_drift","0.5","9","1","1","1","2810","1795","ff1cd07ac9e34250c7ac66f217ebac7392ac5f783f75319127d2fd71d6e2f598"
"cifar10","10","1","mixed_maturity","access_full","dirichlet_lcb","diverse_then_repeat_backdoor","0.5","0","1","1","1","2799","1794","db2f29c9aee15dfda6babf4e2b15f0354df9ff7d83fe8b2a05af0d856e6e552e"
"cifar10","10","1","mixed_maturity","access_full","dirichlet_lcb","diverse_then_repeat_backdoor","0.5","1","1","1","1","2801","1795","4c5cced5cdd14cd49fee4072d9ddfe651c3c15101fc92304a7ed0b39b1f99125"
"cifar10","10","1","mixed_maturity","access_full","dirichlet_lcb","diverse_then_repeat_backdoor","0.5","2","1","1","1","2797","1793","be023b3275d4cc4ff9adda4805167ed4151c3ad54a018823b1901ad657b33575"
"cifar10","10","1","mixed_maturity","access_full","dirichlet_lcb","diverse_then_repeat_backdoor","0.5","3","1","1","1","2797","1793","8a17379dc9c9e535ae00b6f288a94db8bc9cf010a1149632a0878685df78fdc1"
"cifar10","10","1","mixed_maturity","access_full","dirichlet_lcb","diverse_then_repeat_backdoor","0.5","4","1","1","1","2800","1796","4d68f19272d89053794e15e9db583410f244373305a4b3428ff218ae8ed06a26"
"cifar10","10","1","mixed_maturity","access_full","dirichlet_lcb","diverse_then_repeat_backdoor","0.5","5","1","1","1","2795","1792","39d6f9366b3fb158c941e178708c8eb6c503732d0655c260f95335817a25c587"
"cifar10","10","1","mixed_maturity","access_full","dirichlet_lcb","diverse_then_repeat_backdoor","0.5","6","1","1","1","2791","1790","2681fa35825bf75758c3f4c943cdb2636ad861b6958b423e300650865c42d71a"
"cifar10","10","1","mixed_maturity","access_full","dirichlet_lcb","diverse_then_repeat_backdoor","0.5","7","1","1","1","2795","1792","78b13ee5bd95a37b6939b9cc0feabf8cbb2d647739d6b005d7dca77808f3a280"
"cifar10","10","1","mixed_maturity","access_full","dirichlet_lcb","diverse_then_repeat_backdoor","0.5","8","1","1","1","2793","1791","f923061d57d36140d1de472495f6dcdf1b8692ac752dbc8611a97d287843f339"
"cifar10","10","1","mixed_maturity","access_full","dirichlet_lcb","diverse_then_repeat_backdoor","0.5","9","1","1","1","2801","1795","ab7ab91e4b2fb479c2c48029b8d28fd655d971e5ff9e63a49d43fde0e8af9596"
"cifar10","10","1","mixed_maturity","access_full","dirichlet_lcb","benign_concept_drift","0.5","0","1","1","1","2799","1794","8127ee54edba638a78011c16fc789268341531fcd0c87f8ee71678a147d2fb53"
"cifar10","10","1","mixed_maturity","access_full","dirichlet_lcb","benign_concept_drift","0.5","1","1","1","1","2801","1795","43bdeb6e36f8c33b70900c85541ee945a64a3e07f72d038cb7b43b9786acf0d1"
"cifar10","10","1","mixed_maturity","access_full","dirichlet_lcb","benign_concept_drift","0.5","2","1","1","1","2797","1793","5ca67e7fb32de7f6b95d6cf6539730e13d7085601d1245f794eb3dcc41b67ac8"
"cifar10","10","1","mixed_maturity","access_full","dirichlet_lcb","benign_concept_drift","0.5","3","1","1","1","2797","1793","fe57ff5366bee3e87d2ceb65edfb5caf6e2f83a600b7d7cd9ae9b9df6c976688"
"cifar10","10","1","mixed_maturity","access_full","dirichlet_lcb","benign_concept_drift","0.5","4","1","1","1","2800","1796","b08721bacc1e8bdf46c95bc35a88e3b2281019615466a5914fcf5907d41ccdf1"
"cifar10","10","1","mixed_maturity","access_full","dirichlet_lcb","benign_concept_drift","0.5","5","1","1","1","2795","1792","56e2ea93ed727ddbc6bf9c2fba7f9570e19ce327f88cb728a9de5a01968b9f1e"
"cifar10","10","1","mixed_maturity","access_full","dirichlet_lcb","benign_concept_drift","0.5","6","1","1","1","2791","1790","b537a42fc6a5c9eb1511871486957280f5e3c4b5a480919a075368b49575fc4f"
"cifar10","10","1","mixed_maturity","access_full","dirichlet_lcb","benign_concept_drift","0.5","7","1","1","1","2795","1792","a89df75a68ffd803d609349303ec67893a53beeecf58f78ae0af797955bb26d1"
"cifar10","10","1","mixed_maturity","access_full","dirichlet_lcb","benign_concept_drift","0.5","8","1","1","1","2793","1791","e8097beee076ba106e89b2967e498124d0ff79616939c18675d68c02c02d9e5d"
"cifar10","10","1","mixed_maturity","access_full","dirichlet_lcb","benign_concept_drift","0.5","9","1","1","1","2801","1795","cf1a7d77d856d5dfa6f83dfdddab05aa21d10dbce780d9efed5e626858f993db"
"cifar10","10","1","mixed_maturity","rffl_reputation","dirichlet_lcb","diverse_then_repeat_backdoor","0.5","0","1","1","1","2798","1794","58c44ad111e0081b4db265d26e73c3517224919ef779e1f29fa9f351fcc4bf63"
"cifar10","10","1","mixed_maturity","rffl_reputation","dirichlet_lcb","diverse_then_repeat_backdoor","0.5","1","1","1","1","2800","1795","6629d0563478326d05f6d5238be4cc0dbca9619e9b065892f3b616745ab69803"
"cifar10","10","1","mixed_maturity","rffl_reputation","dirichlet_lcb","diverse_then_repeat_backdoor","0.5","2","1","1","1","2796","1793","5c20bb5797b806f2e40e7c1cae3e4e0a3ebb3616fa7277dbc379560ac9e46fa7"
"cifar10","10","1","mixed_maturity","rffl_reputation","dirichlet_lcb","diverse_then_repeat_backdoor","0.5","3","1","1","1","2796","1793","4b74e217099de651700574076eb7529a7a111cf4d678c9da1f2031b2001cd07d"
"cifar10","10","1","mixed_maturity","rffl_reputation","dirichlet_lcb","diverse_then_repeat_backdoor","0.5","4","1","1","1","2799","1796","5eca07aea3d6f54d78e7660eacf3b0afa23ffd4885a12d333d26653609ff9674"
"cifar10","10","1","mixed_maturity","rffl_reputation","dirichlet_lcb","diverse_then_repeat_backdoor","0.5","5","1","1","1","2794","1792","d68780976318b91aef78c14c03769dba124624239c6baa00bfd4d3e2cee38de3"
"cifar10","10","1","mixed_maturity","rffl_reputation","dirichlet_lcb","diverse_then_repeat_backdoor","0.5","6","1","1","1","2790","1790","ac126a92532135e7788a8d22e5ba59e51018f9930298040e32b168e2ea9bf30d"
"cifar10","10","1","mixed_maturity","rffl_reputation","dirichlet_lcb","diverse_then_repeat_backdoor","0.5","7","1","1","1","2794","1792","0c062547e4460948f14640305e1d6d6bf01ef368f847b489cbdb43177f3b7826"
"cifar10","10","1","mixed_maturity","rffl_reputation","dirichlet_lcb","diverse_then_repeat_backdoor","0.5","8","1","1","1","2792","1791","a024ec3cf6d8d6c9f57ecd94fd819cb8dd65c2efed85d2fb9b2ae764d1f7d4a5"
"cifar10","10","1","mixed_maturity","rffl_reputation","dirichlet_lcb","diverse_then_repeat_backdoor","0.5","9","1","1","1","2800","1795","4a3cb402612aae106471cdd703a187eaf75326e28dbe01be30622039eacb9354"
"cifar10","10","1","mixed_maturity","rffl_reputation","dirichlet_lcb","benign_concept_drift","0.5","0","1","1","1","2798","1794","82617fa09307ce53179b8653ca345d90749a04df85eff3a76d1aa7f3b2dcae65"
"cifar10","10","1","mixed_maturity","rffl_reputation","dirichlet_lcb","benign_concept_drift","0.5","1","1","1","1","2800","1795","ecedd066357ae77b474956b0cb13c252f6eb2c3a690879fd3ed63cce467ca1ef"
"cifar10","10","1","mixed_maturity","rffl_reputation","dirichlet_lcb","benign_concept_drift","0.5","2","1","1","1","2796","1793","6f2e83165264aafa38db1146b04d614d221bc756d23be6f870d63a1a510e2ec1"
"cifar10","10","1","mixed_maturity","rffl_reputation","dirichlet_lcb","benign_concept_drift","0.5","3","1","1","1","2796","1793","421997f283a730c657a41170d81c5bfc5e49555e84d817375609b99136494f6b"
"cifar10","10","1","mixed_maturity","rffl_reputation","dirichlet_lcb","benign_concept_drift","0.5","4","1","1","1","2799","1796","0860d588dcfaa9ed2a09e111372b07fbfac3eed1315e75f2484b7583be704ca0"
"cifar10","10","1","mixed_maturity","rffl_reputation","dirichlet_lcb","benign_concept_drift","0.5","5","1","1","1","2794","1792","b18d0ddc83947ec7b308d55fbec1420f6ea65a8166ced51f67d3100c2ba8a770"
"cifar10","10","1","mixed_maturity","rffl_reputation","dirichlet_lcb","benign_concept_drift","0.5","6","1","1","1","2790","1790","2bbc623755aaa6c73679e0054a4b1ad1208e615a36d2eb1353dcca9b62de2488"
"cifar10","10","1","mixed_maturity","rffl_reputation","dirichlet_lcb","benign_concept_drift","0.5","7","1","1","1","2794","1792","15bf248857bcb33343db25a8761c6ee64965dcd294ecf0d986316b7980889b9e"
"cifar10","10","1","mixed_maturity","rffl_reputation","dirichlet_lcb","benign_concept_drift","0.5","8","1","1","1","2792","1791","644aed7f403fc86ae5ce9c0f22b8b1eadc87882e452fdfbe854e9d99c1b33968"
"cifar10","10","1","mixed_maturity","rffl_reputation","dirichlet_lcb","benign_concept_drift","0.5","9","1","1","1","2800","1795","e8f563bab4759c61858c32116eeac5b37135c7805fda1ac0918ce5c52c27819a"
