dataset,client_count,attacker_count,cohort_mode,variant,trust_estimator,attack_scenario,noniid_alpha,repeat,stage,attacker_fraction,normal_nodes,target_initial_limited_rate,target_initial_admitted_rate,normal_initial_admitted_rate,target_onboarding_seconds_mean,normal_onboarding_seconds_mean,target_returned_updates_after_start,target_aggregated_updates_after_start,target_effective_aggregation_share_after_start,target_rffl_removals,normal_rffl_removals,update_payload_bytes,server_processing_seconds,configuration_runtime_seconds,controller_state_bytes,final_accuracy,final_backdoor_asr,total_rounds,target_full_access_round_mean,target_promoted_rate,target_effective_aggregation_share_early,target_effective_aggregation_share_late,backdoor_asr_auc_after_start,backdoor_asr_at_round_8,backdoor_asr_growth_round_8_to_final,first_round_asr_ge_10pct,first_round_asr_ge_20pct,first_round_asr_ge_30pct,target_effective_aggregation_share_sustained,target_limited_returned_update_rate_after_start,target_full_weight_aggregated_update_rate_after_start,target_lease_expirations,target_lease_renewals,normal_lease_expirations
fashion_mnist,20,2,mixed_maturity,access_freshness_lease,dirichlet_lcb,benign_concept_drift,0.5,0,formal,0.1,18,1.0,0.0,1.0,3.375147819519043,9.663729773627388,98,98,0.06355428619519578,0,0,31400000,41.01634142000001,198.0917972,8326815,0.8398,0.013333333333333334,50,5.0,1.0,0.04300664772803007,0.06486374341158439,0.01316435185185185,0.009555555555555555,0.003777777777777779,nan,nan,nan,0.06267073072131157,0.4897959183673469,0.5102040816326531,10,8,0
fashion_mnist,20,2,mixed_maturity,access_freshness_lease,dirichlet_lcb,benign_concept_drift,0.5,1,formal,0.1,18,1.0,0.0,1.0,2.6374282836914062,14.48404233985477,98,98,0.11114165144292172,0,0,31400000,39.106447489999994,163.3065304,8449719,0.8394,0.029555555555555557,50,5.0,1.0,0.07646488544093838,0.11331294710739069,0.022240740740740752,0.019555555555555555,0.010000000000000002,nan,nan,nan,0.10967400015662618,0.4897959183673469,0.5102040816326531,10,8,0
fashion_mnist,20,2,mixed_maturity,access_freshness_lease,dirichlet_lcb,benign_concept_drift,0.5,2,formal,0.1,18,1.0,0.0,1.0,3.2613816261291504,16.25715188185374,98,98,0.07302129698750155,0,0,31400000,39.086044509999994,167.304935,8433359,0.8372,0.016,50,5.0,1.0,0.04957491796417564,0.07451029085613428,0.01910416666666667,0.016888888888888887,-0.000888888888888887,nan,nan,nan,0.07201624873535495,0.4897959183673469,0.5102040816326531,10,8,0
fashion_mnist,20,2,mixed_maturity,access_freshness_lease,dirichlet_lcb,benign_concept_drift,0.5,3,formal,0.1,18,1.0,0.0,1.0,2.7827380895614624,14.57954872979058,98,98,0.10207611986520457,0,0,31400000,37.441140149999995,167.8280894,8433359,0.827,0.011333333333333334,50,5.0,1.0,0.07000508177508404,0.10409104883452314,0.019525462962962963,0.018222222222222223,-0.006888888888888889,nan,nan,nan,0.10071461679479958,0.4897959183673469,0.5102040816326531,10,8,0
fashion_mnist,20,2,mixed_maturity,access_freshness_lease,dirichlet_lcb,benign_concept_drift,0.5,4,formal,0.1,18,1.0,0.0,1.0,2.9086018800735474,11.242892093128628,98,98,0.05319292545131816,0,0,31400000,39.28364807,162.0365989,8318647,0.8332,0.021555555555555557,50,5.0,1.0,0.03586689147602632,0.054301279187120355,0.02371296296296296,0.03155555555555556,-0.010000000000000002,nan,nan,nan,0.0524453499161061,0.4897959183673469,0.5102040816326531,10,8,0
fashion_mnist,20,2,mixed_maturity,access_freshness_lease,dirichlet_lcb,diverse_then_repeat_backdoor,0.5,0,formal,0.1,18,1.0,0.0,1.0,3.1754767894744873,9.649046262105307,98,98,0.06355428619519578,0,0,31400000,37.83281492,192.9974692,8326863,0.8428,0.6228888888888889,50,5.0,1.0,0.04300664772803006,0.0648637434115844,0.3571296296296296,0.10444444444444445,0.5184444444444445,8.0,16.0,18.0,0.06267073072131159,0.4897959183673469,0.5102040816326531,10,8,0
fashion_mnist,20,2,mixed_maturity,access_freshness_lease,dirichlet_lcb,diverse_then_repeat_backdoor,0.5,1,formal,0.1,18,1.0,0.0,1.0,2.7249982357025146,14.654654224713644,98,98,0.11114165144292172,0,0,31400000,38.15501746,163.2168259,8331007,0.8372,0.8722222222222222,50,5.0,1.0,0.07646488544093841,0.11331294710739066,0.6049189814814815,0.29733333333333334,0.5748888888888889,5.0,7.0,9.0,0.10967400015662616,0.4897959183673469,0.5102040816326531,10,8,0
fashion_mnist,20,2,mixed_maturity,access_freshness_lease,dirichlet_lcb,diverse_then_repeat_backdoor,0.5,2,formal,0.1,18,1.0,0.0,1.0,2.5979971885681152,16.214905129538643,98,98,0.07302129698750155,0,0,31400000,39.89262025000001,167.4678601,8408759,0.8382,0.7088888888888889,50,5.0,1.0,0.04957491796417565,0.07451029085613425,0.447662037037037,0.1351111111111111,0.5737777777777778,7.0,12.0,17.0,0.07201624873535495,0.4897959183673469,0.5102040816326531,10,8,0
fashion_mnist,20,2,mixed_maturity,access_freshness_lease,dirichlet_lcb,diverse_then_repeat_backdoor,0.5,3,formal,0.1,18,1.0,0.0,1.0,2.840218663215637,14.428848054673937,98,98,0.10207611986520457,0,0,31400000,37.938000699999996,162.1454595,8425167,0.829,0.7851111111111111,50,5.0,1.0,0.07000508177508405,0.10409104883452311,0.5575902777777778,0.24755555555555556,0.5375555555555556,6.0,8.0,10.0,0.1007146167947996,0.4897959183673469,0.5102040816326531,10,8,0
fashion_mnist,20,2,mixed_maturity,access_freshness_lease,dirichlet_lcb,diverse_then_repeat_backdoor,0.5,4,formal,0.1,18,1.0,0.0,1.0,3.2945754528045654,11.263367454210917,98,98,0.05319292545131815,0,0,31400000,39.61259533999999,162.5982842,8343247,0.835,0.5877777777777777,50,5.0,1.0,0.03586689147602632,0.05430127918712036,0.34432638888888883,0.13733333333333334,0.4504444444444444,7.0,16.0,17.0,0.052445349916106096,0.4897959183673469,0.5102040816326531,10,8,0
fashion_mnist,20,2,mixed_maturity,access_full,dirichlet_lcb,benign_concept_drift,0.5,0,formal,0.1,18,1.0,0.0,1.0,2.778517484664917,9.809781392415365,98,98,0.08014449652154168,0,0,31400000,38.30705342000001,198.9527383,8298191,0.8374,0.010444444444444444,50,5.0,1.0,0.043006647728030076,0.08246666164933328,0.012310185185185183,0.009555555555555555,0.0008888888888888887,nan,nan,nan,0.08246666164933324,0.061224489795918366,0.9387755102040817,0,0,0
fashion_mnist,20,2,mixed_maturity,access_full,dirichlet_lcb,benign_concept_drift,0.5,1,formal,0.1,18,1.0,0.0,1.0,2.5498443841934204,14.573442671034071,98,98,0.13831923620869488,0,0,31400000,38.52661581999999,161.436196,8314575,0.8424,0.028888888888888888,50,5.0,1.0,0.0764648854409384,0.1420666685793338,0.021988425925925925,0.019555555555555555,0.009333333333333332,nan,nan,nan,0.14206666857933378,0.061224489795918366,0.9387755102040817,0,0,0
fashion_mnist,20,2,mixed_maturity,access_full,dirichlet_lcb,benign_concept_drift,0.5,2,formal,0.1,18,1.0,0.0,1.0,3.1609604358673096,16.19516807132297,98,98,0.09184041855392444,0,0,31400000,39.59677913000001,167.2945367,8326839,0.8364,0.01622222222222222,50,5.0,1.0,0.049574917964175645,0.09446666811066676,0.01964814814814814,0.016888888888888887,-0.0006666666666666661,nan,nan,nan,0.09446666811066672,0.061224489795918366,0.9387755102040817,0,0,0
fashion_mnist,20,2,mixed_maturity,access_full,dirichlet_lcb,benign_concept_drift,0.5,3,formal,0.1,18,1.0,0.0,1.0,2.905642032623291,14.528875668843588,98,98,0.12735451930352157,0,0,31400000,39.26364887,162.2096918,8429215,0.8274,0.013555555555555555,50,5.0,1.0,0.07000508177508405,0.13084999869149913,0.020724537037037038,0.018222222222222223,-0.004666666666666668,nan,nan,nan,0.1308499986914993,0.061224489795918366,0.9387755102040817,0,0,0
fashion_mnist,20,2,mixed_maturity,access_full,dirichlet_lcb,benign_concept_drift,0.5,4,formal,0.1,18,1.0,0.0,1.0,3.7625561952590942,11.474301417668661,98,98,0.06727271400266675,0,0,31400000,40.277626250000004,166.999759,8335079,0.8344,0.022222222222222223,50,5.0,1.0,0.035866891476026314,0.06925000069250041,0.023664351851851853,0.03155555555555556,-0.009333333333333336,nan,nan,nan,0.0692500006925003,0.061224489795918366,0.9387755102040817,0,0,0
fashion_mnist,20,2,mixed_maturity,access_full,dirichlet_lcb,diverse_then_repeat_backdoor,0.5,0,formal,0.1,18,1.0,0.0,1.0,3.0698535442352295,9.573542541927761,98,98,0.08014449652154168,0,0,31400000,38.39181533000002,189.0325335,8326863,0.8418,0.7248888888888889,50,5.0,1.0,0.043006647728030076,0.08246666164933328,0.4355439814814815,0.10444444444444445,0.6204444444444445,8.0,12.0,17.0,0.08246666164933324,0.061224489795918366,0.9387755102040817,0,0,0
fashion_mnist,20,2,mixed_maturity,access_full,dirichlet_lcb,diverse_then_repeat_backdoor,0.5,1,formal,0.1,18,1.0,0.0,1.0,3.472986102104187,14.524041983816359,98,98,0.13831923620869488,0,0,31400000,40.08223072,167.6655153,8310455,0.8354,0.9217777777777778,50,5.0,1.0,0.0764648854409384,0.1420666685793338,0.6761203703703703,0.29733333333333334,0.6244444444444445,5.0,7.0,9.0,0.14206666857933375,0.061224489795918366,0.9387755102040817,0,0,0
fashion_mnist,20,2,mixed_maturity,access_full,dirichlet_lcb,diverse_then_repeat_backdoor,0.5,2,formal,0.1,18,1.0,0.0,1.0,2.870892643928528,16.213498049312168,98,98,0.09184041855392443,0,0,31400000,39.303951809999994,162.3952896,8355583,0.8386,0.7837777777777778,50,5.0,1.0,0.04957491796417564,0.09446666811066678,0.5245300925925926,0.1351111111111111,0.6486666666666667,7.0,10.0,13.0,0.0944666681106667,0.061224489795918366,0.9387755102040817,0,0,0
fashion_mnist,20,2,mixed_maturity,access_full,dirichlet_lcb,diverse_then_repeat_backdoor,0.5,3,formal,0.1,18,1.0,0.0,1.0,2.587074875831604,14.754682779312134,98,98,0.12735451930352154,0,0,31400000,38.85892403000001,162.7996779,8417047,0.83,0.8595555555555555,50,5.0,1.0,0.07000508177508405,0.13084999869149913,0.6307083333333334,0.24755555555555556,0.612,6.0,8.0,10.0,0.1308499986914993,0.061224489795918366,0.9387755102040817,0,0,0
fashion_mnist,20,2,mixed_maturity,access_full,dirichlet_lcb,diverse_then_repeat_backdoor,0.5,4,formal,0.1,18,1.0,0.0,1.0,3.373072028160095,11.106736712985569,98,98,0.06727271400266675,0,0,31400000,38.11773971999999,162.8332013,8347367,0.8354,0.6822222222222222,50,5.0,1.0,0.03586689147602633,0.06925000069250041,0.4135138888888888,0.13733333333333334,0.5448888888888889,7.0,13.0,17.0,0.06925000069250029,0.061224489795918366,0.9387755102040817,0,0,0
fashion_mnist,20,2,mixed_maturity,access_no_limited,dirichlet_lcb,benign_concept_drift,0.5,0,formal,0.1,18,0.0,1.0,1.0,2.9338014125823975,9.840589563051859,98,98,0.08246666164933325,0,0,31400000,39.07290508999999,193.2030966,8412927,0.8374,0.010444444444444444,50,1.0,1.0,0.08246666164933321,0.08246666164933326,0.012263888888888885,0.009555555555555555,0.0008888888888888887,nan,nan,nan,0.08246666164933324,0.0,1.0,0,0,0
fashion_mnist,20,2,mixed_maturity,access_no_limited,dirichlet_lcb,benign_concept_drift,0.5,1,formal,0.1,18,0.0,1.0,1.0,2.7001909017562866,14.471510661972893,98,98,0.14206666857933367,0,0,31400000,39.98104527000001,162.7585493,8330959,0.8424,0.029111111111111112,50,1.0,1.0,0.1420666685793334,0.14206666857933384,0.021891203703703708,0.019333333333333334,0.009777777777777778,nan,nan,nan,0.14206666857933375,0.0,1.0,0,0,0
fashion_mnist,20,2,mixed_maturity,access_no_limited,dirichlet_lcb,benign_concept_drift,0.5,2,formal,0.1,18,0.0,1.0,1.0,2.3237109184265137,16.097033765580917,98,98,0.09446666811066681,0,0,31400000,39.96247026999999,168.3873163,8330983,0.8364,0.01622222222222222,50,1.0,1.0,0.09446666811066662,0.09446666811066676,0.019671296296296294,0.016888888888888887,-0.0006666666666666661,nan,nan,nan,0.09446666811066672,0.0,1.0,0,0,0
fashion_mnist,20,2,mixed_maturity,access_no_limited,dirichlet_lcb,benign_concept_drift,0.5,3,formal,0.1,18,0.0,1.0,1.0,2.995169997215271,14.6829993724823,98,98,0.13084999869149944,0,0,31400000,38.71278135,161.9379302,8335055,0.8276,0.013777777777777778,50,1.0,1.0,0.13084999869150002,0.13084999869149913,0.020752314814814814,0.018222222222222223,-0.004444444444444445,nan,nan,nan,0.1308499986914993,0.0,1.0,0,0,0
fashion_mnist,20,2,mixed_maturity,access_no_limited,dirichlet_lcb,benign_concept_drift,0.5,4,formal,0.1,18,0.0,1.0,1.0,3.362303853034973,11.062166213989258,98,98,0.06925000069250033,0,0,31400000,38.78324147999999,162.270548,8318719,0.8342,0.022222222222222223,50,1.0,1.0,0.0692500006925,0.0692500006925004,0.023689814814814813,0.03133333333333333,-0.009111111111111108,nan,nan,nan,0.0692500006925003,0.0,1.0,0,0,0
fashion_mnist,20,2,mixed_maturity,access_no_limited,dirichlet_lcb,diverse_then_repeat_backdoor,0.5,0,formal,0.1,18,0.0,1.0,1.0,3.2205008268356323,9.529149691263834,98,98,0.08246666164933325,0,0,31400000,40.977140300000016,198.7480016,8314575,0.8416,0.7328888888888889,50,1.0,1.0,0.08246666164933321,0.08246666164933326,0.45696064814814813,0.13466666666666666,0.5982222222222222,6.0,12.0,14.0,0.08246666164933325,0.0,1.0,0,0,0
fashion_mnist,20,2,mixed_maturity,access_no_limited,dirichlet_lcb,diverse_then_repeat_backdoor,0.5,1,formal,0.1,18,0.0,1.0,1.0,3.102406144142151,14.40424316459232,98,98,0.14206666857933367,0,0,31400000,38.81179440999998,157.6153023,8433407,0.8354,0.926,50,1.0,1.0,0.14206666857933334,0.1420666685793338,0.7042546296296296,0.378,0.548,3.0,6.0,7.0,0.14206666857933375,0.0,1.0,0,0,0
fashion_mnist,20,2,mixed_maturity,access_no_limited,dirichlet_lcb,diverse_then_repeat_backdoor,0.5,2,formal,0.1,18,0.0,1.0,1.0,2.7297946214675903,16.276532941394382,98,98,0.09446666811066684,0,0,31400000,38.763224740000005,162.3971262,8355583,0.8388,0.7904444444444444,50,1.0,1.0,0.09446666811066662,0.09446666811066676,0.5485208333333335,0.182,0.6084444444444443,5.0,10.0,12.0,0.09446666811066672,0.0,1.0,0,0,0
fashion_mnist,20,2,mixed_maturity,access_no_limited,dirichlet_lcb,diverse_then_repeat_backdoor,0.5,3,formal,0.1,18,0.0,1.0,1.0,2.454797863960266,14.693312803904215,98,98,0.1308499986914994,0,0,31400000,38.59706468999999,162.3349954,8433407,0.8302,0.8648888888888889,50,1.0,1.0,0.13084999869150002,0.13084999869149913,0.6581273148148147,0.3342222222222222,0.5306666666666667,4.0,6.0,8.0,0.1308499986914993,0.0,1.0,0,0,0
fashion_mnist,20,2,mixed_maturity,access_no_limited,dirichlet_lcb,diverse_then_repeat_backdoor,0.5,4,formal,0.1,18,0.0,1.0,1.0,2.478707194328308,11.131230857637194,98,98,0.06925000069250033,0,0,31400000,40.75312436000001,162.9124635,8326887,0.8354,0.6904444444444444,50,1.0,1.0,0.06925000069250001,0.06925000069250041,0.4340648148148149,0.17377777777777778,0.5166666666666666,5.0,11.0,16.0,0.06925000069250029,0.0,1.0,0,0,0
