dataset,client_count,attacker_count,cohort_mode,variant,trust_estimator,attack_scenario,noniid_alpha,round,independent_runs,accuracy_mean,accuracy_ci95,backdoor_asr_mean,backdoor_asr_ci95,target_effective_aggregation_share_mean,target_effective_aggregation_share_ci95,target_returned_updates_mean,target_returned_updates_ci95,target_aggregated_updates_mean,target_aggregated_updates_ci95,target_observed_node_rate_mean,target_observed_node_rate_ci95,target_limited_rate_mean,target_limited_rate_ci95,target_admitted_rate_mean,target_admitted_rate_ci95,target_rffl_removals_mean,target_rffl_removals_ci95,target_lease_expirations_mean,target_lease_expirations_ci95,target_lease_renewals_mean,target_lease_renewals_ci95
fashion_mnist,20,2,mixed_maturity,access_freshness_lease,dirichlet_lcb,benign_concept_drift,0.5,1,5,0.75768,0.014613282805314811,0.030666666666666665,0.019965061724603442,0.0549836848768509,0.021731251187029652,2.0,0.0,2.0,0.0,1.0,0.0,1.0,0.0,0.0,0.0,0.0,0.0,0.0,0.0,0.0,0.0
fashion_mnist,20,2,mixed_maturity,access_freshness_lease,dirichlet_lcb,benign_concept_drift,0.5,2,5,0.7906799999999999,0.011137110059696491,0.026488888888888888,0.022923733183862625,0.0549836848768509,0.021731251187029663,2.0,0.0,2.0,0.0,1.0,0.0,1.0,0.0,0.0,0.0,0.0,0.0,0.0,0.0,0.0,0.0
fashion_mnist,20,2,mixed_maturity,access_freshness_lease,dirichlet_lcb,benign_concept_drift,0.5,3,5,0.805,0.009530933911371517,0.018488888888888888,0.010418510890870375,0.054983684876850916,0.021731251187029663,2.0,0.0,2.0,0.0,1.0,0.0,1.0,0.0,0.0,0.0,0.0,0.0,0.0,0.0,0.0,0.0
fashion_mnist,20,2,mixed_maturity,access_freshness_lease,dirichlet_lcb,benign_concept_drift,0.5,4,5,0.8076799999999998,0.008682064152781496,0.020844444444444443,0.009748407258250028,0.0549836848768509,0.021731251187029663,2.0,0.0,2.0,0.0,1.0,0.0,1.0,0.0,0.0,0.0,0.0,0.0,0.0,0.0,0.0,0.0
fashion_mnist,20,2,mixed_maturity,access_freshness_lease,dirichlet_lcb,benign_concept_drift,0.5,5,5,0.8168,0.006247926899852714,0.021822222222222222,0.008090307683169378,0.10381999954466666,0.03892949916260289,2.0,0.0,2.0,0.0,1.0,0.0,0.0,0.0,1.0,0.0,0.0,0.0,0.0,0.0,0.0,0.0
fashion_mnist,20,2,mixed_maturity,access_freshness_lease,dirichlet_lcb,benign_concept_drift,0.5,6,5,0.8145199999999999,0.0142489802885772,0.015955555555555556,0.004154486339698389,0.10381999954466663,0.03892949916260286,2.0,0.0,2.0,0.0,1.0,0.0,0.0,0.0,1.0,0.0,0.0,0.0,0.0,0.0,0.0,0.0
fashion_mnist,20,2,mixed_maturity,access_freshness_lease,dirichlet_lcb,benign_concept_drift,0.5,7,5,0.8149199999999999,0.015755537050443757,0.020933333333333335,0.010019927480886155,0.10381999954466666,0.03892949916260289,2.0,0.0,2.0,0.0,1.0,0.0,0.0,0.0,1.0,0.0,0.0,0.0,0.0,0.0,0.0,0.0
fashion_mnist,20,2,mixed_maturity,access_freshness_lease,dirichlet_lcb,benign_concept_drift,0.5,8,5,0.8180399999999999,0.0068017805293126106,0.019155555555555558,0.009857140466415056,0.10381999954466663,0.038929499162602875,2.0,0.0,2.0,0.0,1.0,0.0,0.0,0.0,1.0,0.0,0.0,0.0,0.0,0.0,0.0,0.0
fashion_mnist,20,2,mixed_maturity,access_freshness_lease,dirichlet_lcb,benign_concept_drift,0.5,9,5,0.8198399999999999,0.004735935022734763,0.017466666666666665,0.008017518484686207,0.10381999954466666,0.03892949916260288,2.0,0.0,2.0,0.0,1.0,0.0,0.0,0.0,1.0,0.0,0.0,0.0,0.0,0.0,0.0,0.0
fashion_mnist,20,2,mixed_maturity,access_freshness_lease,dirichlet_lcb,benign_concept_drift,0.5,10,5,0.82484,0.008114442853410515,0.018222222222222223,0.0035173716423147943,0.0549836848768509,0.021731251187029656,2.0,0.0,2.0,0.0,1.0,0.0,1.0,0.0,0.0,0.0,0.0,0.0,2.0,0.0,0.0,0.0
fashion_mnist,20,2,mixed_maturity,access_freshness_lease,dirichlet_lcb,benign_concept_drift,0.5,11,5,0.8263599999999999,0.008513143931846644,0.01884444444444445,0.0059800092441370705,0.054983684876850916,0.021731251187029663,2.0,0.0,2.0,0.0,1.0,0.0,1.0,0.0,0.0,0.0,0.0,0.0,0.0,0.0,0.0,0.0
fashion_mnist,20,2,mixed_maturity,access_freshness_lease,dirichlet_lcb,benign_concept_drift,0.5,12,5,0.82752,0.003532092154524141,0.019688888888888888,0.010154277188616114,0.054983684876850916,0.021731251187029666,2.0,0.0,2.0,0.0,1.0,0.0,1.0,0.0,0.0,0.0,0.0,0.0,0.0,0.0,0.0,0.0
fashion_mnist,20,2,mixed_maturity,access_freshness_lease,dirichlet_lcb,benign_concept_drift,0.5,13,5,0.8229200000000001,0.01311893081796257,0.01831111111111111,0.010703627003084136,0.0549836848768509,0.021731251187029663,2.0,0.0,2.0,0.0,1.0,0.0,1.0,0.0,0.0,0.0,0.0,0.0,0.0,0.0,0.0,0.0
fashion_mnist,20,2,mixed_maturity,access_freshness_lease,dirichlet_lcb,benign_concept_drift,0.5,14,5,0.8314,0.0030566126145912115,0.020177777777777777,0.006790790963667049,0.05498368487685089,0.021731251187029652,2.0,0.0,2.0,0.0,1.0,0.0,1.0,0.0,0.0,0.0,0.0,0.0,0.0,0.0,0.0,0.0
fashion_mnist,20,2,mixed_maturity,access_freshness_lease,dirichlet_lcb,benign_concept_drift,0.5,15,5,0.82724,0.00534752264860163,0.01817777777777778,0.007256888713266699,0.10381999954466663,0.038929499162602875,2.0,0.0,2.0,0.0,1.0,0.0,0.0,0.0,1.0,0.0,0.0,0.0,0.0,0.0,2.0,0.0
fashion_mnist,20,2,mixed_maturity,access_freshness_lease,dirichlet_lcb,benign_concept_drift,0.5,16,5,0.82972,0.0036858811995023203,0.019644444444444444,0.006760452207486265,0.10381999954466666,0.03892949916260288,2.0,0.0,2.0,0.0,1.0,0.0,0.0,0.0,1.0,0.0,0.0,0.0,0.0,0.0,0.0,0.0
fashion_mnist,20,2,mixed_maturity,access_freshness_lease,dirichlet_lcb,benign_concept_drift,0.5,17,5,0.83192,0.005428216457228702,0.021511111111111113,0.007702222267974707,0.10381999954466663,0.03892949916260288,2.0,0.0,2.0,0.0,1.0,0.0,0.0,0.0,1.0,0.0,0.0,0.0,0.0,0.0,0.0,0.0
fashion_mnist,20,2,mixed_maturity,access_freshness_lease,dirichlet_lcb,benign_concept_drift,0.5,18,5,0.83216,0.005174626332951345,0.02022222222222222,0.004751206693431451,0.10381999954466663,0.038929499162602875,2.0,0.0,2.0,0.0,1.0,0.0,0.0,0.0,1.0,0.0,0.0,0.0,0.0,0.0,0.0,0.0
fashion_mnist,20,2,mixed_maturity,access_freshness_lease,dirichlet_lcb,benign_concept_drift,0.5,19,5,0.82744,0.008357791543272469,0.021777777777777778,0.011908024402619245,0.10381999954466663,0.03892949916260288,2.0,0.0,2.0,0.0,1.0,0.0,0.0,0.0,1.0,0.0,0.0,0.0,0.0,0.0,0.0,0.0
fashion_mnist,20,2,mixed_maturity,access_freshness_lease,dirichlet_lcb,benign_concept_drift,0.5,20,5,0.8320000000000001,0.004982152617033037,0.02191111111111111,0.007044476964365758,0.0549836848768509,0.021731251187029656,2.0,0.0,2.0,0.0,1.0,0.0,1.0,0.0,0.0,0.0,0.0,0.0,2.0,0.0,0.0,0.0
fashion_mnist,20,2,mixed_maturity,access_freshness_lease,dirichlet_lcb,benign_concept_drift,0.5,21,5,0.829,0.009485532811162909,0.017955555555555554,0.007468866055853844,0.0549836848768509,0.021731251187029656,2.0,0.0,2.0,0.0,1.0,0.0,1.0,0.0,0.0,0.0,0.0,0.0,0.0,0.0,0.0,0.0
fashion_mnist,20,2,mixed_maturity,access_freshness_lease,dirichlet_lcb,benign_concept_drift,0.5,22,5,0.83004,0.01293048642271615,0.017599999999999998,0.010721039664556349,0.054983684876850916,0.021731251187029666,2.0,0.0,2.0,0.0,1.0,0.0,1.0,0.0,0.0,0.0,0.0,0.0,0.0,0.0,0.0,0.0
fashion_mnist,20,2,mixed_maturity,access_freshness_lease,dirichlet_lcb,benign_concept_drift,0.5,23,5,0.8279200000000001,0.014315906671425349,0.017022222222222223,0.006998393386482623,0.054983684876850916,0.021731251187029652,2.0,0.0,2.0,0.0,1.0,0.0,1.0,0.0,0.0,0.0,0.0,0.0,0.0,0.0,0.0,0.0
fashion_mnist,20,2,mixed_maturity,access_freshness_lease,dirichlet_lcb,benign_concept_drift,0.5,24,5,0.83576,0.0019107107104799762,0.022044444444444443,0.008579015145651426,0.05498368487685089,0.021731251187029652,2.0,0.0,2.0,0.0,1.0,0.0,1.0,0.0,0.0,0.0,0.0,0.0,0.0,0.0,0.0,0.0
fashion_mnist,20,2,mixed_maturity,access_freshness_lease,dirichlet_lcb,benign_concept_drift,0.5,25,5,0.8303200000000001,0.0058281544249513175,0.019155555555555554,0.006556928819857198,0.10381999954466666,0.03892949916260288,2.0,0.0,2.0,0.0,1.0,0.0,0.0,0.0,1.0,0.0,0.0,0.0,0.0,0.0,2.0,0.0
fashion_mnist,20,2,mixed_maturity,access_freshness_lease,dirichlet_lcb,benign_concept_drift,0.5,26,5,0.8216800000000001,0.0242169684734348,0.015422222222222223,0.008102532249900153,0.10381999954466666,0.03892949916260289,2.0,0.0,2.0,0.0,1.0,0.0,0.0,0.0,1.0,0.0,0.0,0.0,0.0,0.0,0.0,0.0
fashion_mnist,20,2,mixed_maturity,access_freshness_lease,dirichlet_lcb,benign_concept_drift,0.5,27,5,0.83216,0.01179175554115058,0.019733333333333332,0.0077833445182415115,0.10381999954466666,0.038929499162602875,2.0,0.0,2.0,0.0,1.0,0.0,0.0,0.0,1.0,0.0,0.0,0.0,0.0,0.0,0.0,0.0
fashion_mnist,20,2,mixed_maturity,access_freshness_lease,dirichlet_lcb,benign_concept_drift,0.5,28,5,0.8320799999999998,0.003069698781455455,0.017777777777777778,0.006750308987658804,0.10381999954466663,0.038929499162602875,2.0,0.0,2.0,0.0,1.0,0.0,0.0,0.0,1.0,0.0,0.0,0.0,0.0,0.0,0.0,0.0
fashion_mnist,20,2,mixed_maturity,access_freshness_lease,dirichlet_lcb,benign_concept_drift,0.5,29,5,0.8315999999999999,0.005170453486891586,0.02053333333333333,0.010152402564347624,0.10381999954466663,0.03892949916260288,2.0,0.0,2.0,0.0,1.0,0.0,0.0,0.0,1.0,0.0,0.0,0.0,0.0,0.0,0.0,0.0
fashion_mnist,20,2,mixed_maturity,access_freshness_lease,dirichlet_lcb,benign_concept_drift,0.5,30,5,0.8334400000000001,0.005283714366253682,0.021733333333333334,0.01000281661184093,0.0549836848768509,0.021731251187029652,2.0,0.0,2.0,0.0,1.0,0.0,1.0,0.0,0.0,0.0,0.0,0.0,2.0,0.0,0.0,0.0
fashion_mnist,20,2,mixed_maturity,access_freshness_lease,dirichlet_lcb,benign_concept_drift,0.5,31,5,0.82304,0.03284636650307078,0.018,0.007442315449887932,0.0549836848768509,0.021731251187029656,2.0,0.0,2.0,0.0,1.0,0.0,1.0,0.0,0.0,0.0,0.0,0.0,0.0,0.0,0.0,0.0
fashion_mnist,20,2,mixed_maturity,access_freshness_lease,dirichlet_lcb,benign_concept_drift,0.5,32,5,0.82568,0.025671294310588646,0.016,0.006964040552655352,0.054983684876850916,0.021731251187029663,2.0,0.0,2.0,0.0,1.0,0.0,1.0,0.0,0.0,0.0,0.0,0.0,0.0,0.0,0.0,0.0
fashion_mnist,20,2,mixed_maturity,access_freshness_lease,dirichlet_lcb,benign_concept_drift,0.5,33,5,0.83592,0.006378818429240431,0.021733333333333334,0.009664085373255608,0.0549836848768509,0.021731251187029652,2.0,0.0,2.0,0.0,1.0,0.0,1.0,0.0,0.0,0.0,0.0,0.0,0.0,0.0,0.0,0.0
fashion_mnist,20,2,mixed_maturity,access_freshness_lease,dirichlet_lcb,benign_concept_drift,0.5,34,5,0.83496,0.009687207557320728,0.020177777777777777,0.004522987718272456,0.0549836848768509,0.021731251187029656,2.0,0.0,2.0,0.0,1.0,0.0,1.0,0.0,0.0,0.0,0.0,0.0,0.0,0.0,0.0,0.0
fashion_mnist,20,2,mixed_maturity,access_freshness_lease,dirichlet_lcb,benign_concept_drift,0.5,35,5,0.8326399999999999,0.006728856626418612,0.019733333333333332,0.008596745897532149,0.10381999954466666,0.03892949916260288,2.0,0.0,2.0,0.0,1.0,0.0,0.0,0.0,1.0,0.0,0.0,0.0,0.0,0.0,2.0,0.0
fashion_mnist,20,2,mixed_maturity,access_freshness_lease,dirichlet_lcb,benign_concept_drift,0.5,36,5,0.8334800000000001,0.003099686782079948,0.021555555555555557,0.005296760319030468,0.10381999954466663,0.038929499162602875,2.0,0.0,2.0,0.0,1.0,0.0,0.0,0.0,1.0,0.0,0.0,0.0,0.0,0.0,0.0,0.0
fashion_mnist,20,2,mixed_maturity,access_freshness_lease,dirichlet_lcb,benign_concept_drift,0.5,37,5,0.8333200000000002,0.003702574587445775,0.019733333333333335,0.009901452835428636,0.10381999954466663,0.03892949916260288,2.0,0.0,2.0,0.0,1.0,0.0,0.0,0.0,1.0,0.0,0.0,0.0,0.0,0.0,0.0,0.0
fashion_mnist,20,2,mixed_maturity,access_freshness_lease,dirichlet_lcb,benign_concept_drift,0.5,38,5,0.83416,0.008476846572314664,0.017244444444444444,0.003890449347278626,0.10381999954466663,0.038929499162602875,2.0,0.0,2.0,0.0,1.0,0.0,0.0,0.0,1.0,0.0,0.0,0.0,0.0,0.0,0.0,0.0
fashion_mnist,20,2,mixed_maturity,access_freshness_lease,dirichlet_lcb,benign_concept_drift,0.5,39,5,0.8307599999999999,0.01248523867262016,0.020666666666666667,0.0071978972037646865,0.10381999954466666,0.038929499162602875,2.0,0.0,2.0,0.0,1.0,0.0,0.0,0.0,1.0,0.0,0.0,0.0,0.0,0.0,0.0,0.0
fashion_mnist,20,2,mixed_maturity,access_freshness_lease,dirichlet_lcb,benign_concept_drift,0.5,40,5,0.8371600000000001,0.007957119231656106,0.023644444444444447,0.008532742763029148,0.0549836848768509,0.021731251187029656,2.0,0.0,2.0,0.0,1.0,0.0,1.0,0.0,0.0,0.0,0.0,0.0,2.0,0.0,0.0,0.0
fashion_mnist,20,2,mixed_maturity,access_freshness_lease,dirichlet_lcb,benign_concept_drift,0.5,41,5,0.83432,0.007215766636217588,0.017866666666666666,0.009770250707790919,0.0549836848768509,0.021731251187029666,2.0,0.0,2.0,0.0,1.0,0.0,1.0,0.0,0.0,0.0,0.0,0.0,0.0,0.0,0.0,0.0
fashion_mnist,20,2,mixed_maturity,access_freshness_lease,dirichlet_lcb,benign_concept_drift,0.5,42,5,0.8310000000000001,0.007119836054870542,0.017377777777777777,0.006308379696544187,0.054983684876850916,0.021731251187029663,2.0,0.0,2.0,0.0,1.0,0.0,1.0,0.0,0.0,0.0,0.0,0.0,0.0,0.0,0.0,0.0
fashion_mnist,20,2,mixed_maturity,access_freshness_lease,dirichlet_lcb,benign_concept_drift,0.5,43,5,0.8309599999999999,0.0063298077254768095,0.017955555555555554,0.005251287528246793,0.05498368487685089,0.02173125118702965,2.0,0.0,2.0,0.0,1.0,0.0,1.0,0.0,0.0,0.0,0.0,0.0,0.0,0.0,0.0,0.0
fashion_mnist,20,2,mixed_maturity,access_freshness_lease,dirichlet_lcb,benign_concept_drift,0.5,44,5,0.8349599999999999,0.004519384052036236,0.019555555555555555,0.01213444199838814,0.0549836848768509,0.021731251187029663,2.0,0.0,2.0,0.0,1.0,0.0,1.0,0.0,0.0,0.0,0.0,0.0,0.0,0.0,0.0,0.0
fashion_mnist,20,2,mixed_maturity,access_freshness_lease,dirichlet_lcb,benign_concept_drift,0.5,45,5,0.83552,0.002372845565383036,0.020755555555555555,0.008088425340732739,0.10381999954466663,0.03892949916260288,2.0,0.0,2.0,0.0,1.0,0.0,0.0,0.0,1.0,0.0,0.0,0.0,0.0,0.0,2.0,0.0
fashion_mnist,20,2,mixed_maturity,access_freshness_lease,dirichlet_lcb,benign_concept_drift,0.5,46,5,0.8374400000000002,0.0035137116716312997,0.021244444444444444,0.003449618468202001,0.10381999954466663,0.03892949916260289,2.0,0.0,2.0,0.0,1.0,0.0,0.0,0.0,1.0,0.0,0.0,0.0,0.0,0.0,0.0,0.0
fashion_mnist,20,2,mixed_maturity,access_freshness_lease,dirichlet_lcb,benign_concept_drift,0.5,47,5,0.8314,0.0029225299560093594,0.021555555555555557,0.011620027922548008,0.10381999954466666,0.038929499162602875,2.0,0.0,2.0,0.0,1.0,0.0,0.0,0.0,1.0,0.0,0.0,0.0,0.0,0.0,0.0,0.0
fashion_mnist,20,2,mixed_maturity,access_freshness_lease,dirichlet_lcb,benign_concept_drift,0.5,48,5,0.8355599999999999,0.008434911513923726,0.01844444444444444,0.00993331198563011,0.10381999954466666,0.03892949916260288,2.0,0.0,2.0,0.0,1.0,0.0,0.0,0.0,1.0,0.0,0.0,0.0,0.0,0.0,0.0,0.0
fashion_mnist,20,2,mixed_maturity,access_freshness_lease,dirichlet_lcb,benign_concept_drift,0.5,49,5,0.8358000000000001,0.0021071736794042225,0.020577777777777778,0.007588197492755429,0.10381999954466663,0.03892949916260288,2.0,0.0,2.0,0.0,1.0,0.0,0.0,0.0,1.0,0.0,0.0,0.0,0.0,0.0,0.0,0.0
fashion_mnist,20,2,mixed_maturity,access_freshness_lease,dirichlet_lcb,benign_concept_drift,0.5,50,5,0.83532,0.006627741430572903,0.01835555555555556,0.009119321817563163,0.0549836848768509,0.021731251187029656,2.0,0.0,2.0,0.0,1.0,0.0,1.0,0.0,0.0,0.0,0.0,0.0,2.0,0.0,0.0,0.0
fashion_mnist,20,2,mixed_maturity,access_freshness_lease,dirichlet_lcb,diverse_then_repeat_backdoor,0.5,1,5,0.75768,0.014613282805314811,0.030666666666666665,0.019965061724603442,0.0549836848768509,0.021731251187029652,2.0,0.0,2.0,0.0,1.0,0.0,1.0,0.0,0.0,0.0,0.0,0.0,0.0,0.0,0.0,0.0
fashion_mnist,20,2,mixed_maturity,access_freshness_lease,dirichlet_lcb,diverse_then_repeat_backdoor,0.5,2,5,0.78976,0.011125752866496067,0.03888888888888888,0.029824197290664968,0.0549836848768509,0.021731251187029663,2.0,0.0,2.0,0.0,1.0,0.0,1.0,0.0,0.0,0.0,0.0,0.0,0.0,0.0,0.0,0.0
fashion_mnist,20,2,mixed_maturity,access_freshness_lease,dirichlet_lcb,diverse_then_repeat_backdoor,0.5,3,5,0.8049199999999999,0.007986515650148048,0.03902222222222222,0.020663657448252153,0.054983684876850916,0.021731251187029652,2.0,0.0,2.0,0.0,1.0,0.0,1.0,0.0,0.0,0.0,0.0,0.0,0.0,0.0,0.0,0.0
fashion_mnist,20,2,mixed_maturity,access_freshness_lease,dirichlet_lcb,diverse_then_repeat_backdoor,0.5,4,5,0.81052,0.005371111813466039,0.05564444444444444,0.016987456904775988,0.0549836848768509,0.02173125118702965,2.0,0.0,2.0,0.0,1.0,0.0,1.0,0.0,0.0,0.0,0.0,0.0,0.0,0.0,0.0,0.0
fashion_mnist,20,2,mixed_maturity,access_freshness_lease,dirichlet_lcb,diverse_then_repeat_backdoor,0.5,5,5,0.8187599999999999,0.005869801574002421,0.08164444444444444,0.02256235896494903,0.10381999954466666,0.03892949916260288,2.0,0.0,2.0,0.0,1.0,0.0,0.0,0.0,1.0,0.0,0.0,0.0,0.0,0.0,0.0,0.0
fashion_mnist,20,2,mixed_maturity,access_freshness_lease,dirichlet_lcb,diverse_then_repeat_backdoor,0.5,6,5,0.8196,0.005608144210207241,0.10964444444444443,0.05684048463994478,0.10381999954466666,0.03892949916260288,2.0,0.0,2.0,0.0,1.0,0.0,0.0,0.0,1.0,0.0,0.0,0.0,0.0,0.0,0.0,0.0
fashion_mnist,20,2,mixed_maturity,access_freshness_lease,dirichlet_lcb,diverse_then_repeat_backdoor,0.5,7,5,0.8222000000000002,0.0035469018301882305,0.14515555555555554,0.07541130717884688,0.10381999954466663,0.038929499162602875,2.0,0.0,2.0,0.0,1.0,0.0,0.0,0.0,1.0,0.0,0.0,0.0,0.0,0.0,0.0,0.0
fashion_mnist,20,2,mixed_maturity,access_freshness_lease,dirichlet_lcb,diverse_then_repeat_backdoor,0.5,8,5,0.82208,0.009008013444972283,0.18435555555555555,0.10347634098448641,0.10381999954466666,0.03892949916260288,2.0,0.0,2.0,0.0,1.0,0.0,0.0,0.0,1.0,0.0,0.0,0.0,0.0,0.0,0.0,0.0
fashion_mnist,20,2,mixed_maturity,access_freshness_lease,dirichlet_lcb,diverse_then_repeat_backdoor,0.5,9,5,0.82372,0.005127335679335994,0.2092,0.10800593068531099,0.10381999954466663,0.03892949916260288,2.0,0.0,2.0,0.0,1.0,0.0,0.0,0.0,1.0,0.0,0.0,0.0,0.0,0.0,0.0,0.0
fashion_mnist,20,2,mixed_maturity,access_freshness_lease,dirichlet_lcb,diverse_then_repeat_backdoor,0.5,10,5,0.8278800000000001,0.0037398622812608736,0.22648888888888888,0.13126194700637056,0.054983684876850916,0.021731251187029663,2.0,0.0,2.0,0.0,1.0,0.0,1.0,0.0,0.0,0.0,0.0,0.0,2.0,0.0,0.0,0.0
fashion_mnist,20,2,mixed_maturity,access_freshness_lease,dirichlet_lcb,diverse_then_repeat_backdoor,0.5,11,5,0.82728,0.0066207592239459784,0.22617777777777776,0.11528816192810855,0.054983684876850916,0.021731251187029666,2.0,0.0,2.0,0.0,1.0,0.0,1.0,0.0,0.0,0.0,0.0,0.0,0.0,0.0,0.0,0.0
fashion_mnist,20,2,mixed_maturity,access_freshness_lease,dirichlet_lcb,diverse_then_repeat_backdoor,0.5,12,5,0.82772,0.006081872556258727,0.2472888888888889,0.14924288321286042,0.0549836848768509,0.021731251187029663,2.0,0.0,2.0,0.0,1.0,0.0,1.0,0.0,0.0,0.0,0.0,0.0,0.0,0.0,0.0,0.0
fashion_mnist,20,2,mixed_maturity,access_freshness_lease,dirichlet_lcb,diverse_then_repeat_backdoor,0.5,13,5,0.8246399999999999,0.008826126409107782,0.24995555555555554,0.14926290487141086,0.0549836848768509,0.021731251187029652,2.0,0.0,2.0,0.0,1.0,0.0,1.0,0.0,0.0,0.0,0.0,0.0,0.0,0.0,0.0,0.0
fashion_mnist,20,2,mixed_maturity,access_freshness_lease,dirichlet_lcb,diverse_then_repeat_backdoor,0.5,14,5,0.8327200000000001,0.003789008440088526,0.2677777777777778,0.12405245168922804,0.0549836848768509,0.021731251187029652,2.0,0.0,2.0,0.0,1.0,0.0,1.0,0.0,0.0,0.0,0.0,0.0,0.0,0.0,0.0,0.0
fashion_mnist,20,2,mixed_maturity,access_freshness_lease,dirichlet_lcb,diverse_then_repeat_backdoor,0.5,15,5,0.8278000000000001,0.003851160557581088,0.2979111111111111,0.15775155875978333,0.10381999954466663,0.03892949916260289,2.0,0.0,2.0,0.0,1.0,0.0,0.0,0.0,1.0,0.0,0.0,0.0,0.0,0.0,2.0,0.0
fashion_mnist,20,2,mixed_maturity,access_freshness_lease,dirichlet_lcb,diverse_then_repeat_backdoor,0.5,16,5,0.83192,0.002998560713613656,0.33866666666666667,0.18041413289197164,0.10381999954466663,0.038929499162602875,2.0,0.0,2.0,0.0,1.0,0.0,0.0,0.0,1.0,0.0,0.0,0.0,0.0,0.0,0.0,0.0
fashion_mnist,20,2,mixed_maturity,access_freshness_lease,dirichlet_lcb,diverse_then_repeat_backdoor,0.5,17,5,0.83152,0.006797699324587448,0.4016,0.16243232438807345,0.10381999954466666,0.03892949916260286,2.0,0.0,2.0,0.0,1.0,0.0,0.0,0.0,1.0,0.0,0.0,0.0,0.0,0.0,0.0,0.0
fashion_mnist,20,2,mixed_maturity,access_freshness_lease,dirichlet_lcb,diverse_then_repeat_backdoor,0.5,18,5,0.83432,0.0021042450140842076,0.40617777777777775,0.16993320359345995,0.10381999954466666,0.03892949916260288,2.0,0.0,2.0,0.0,1.0,0.0,0.0,0.0,1.0,0.0,0.0,0.0,0.0,0.0,0.0,0.0
fashion_mnist,20,2,mixed_maturity,access_freshness_lease,dirichlet_lcb,diverse_then_repeat_backdoor,0.5,19,5,0.8336,0.003733260577470522,0.4557333333333333,0.18116829557677638,0.10381999954466663,0.038929499162602875,2.0,0.0,2.0,0.0,1.0,0.0,0.0,0.0,1.0,0.0,0.0,0.0,0.0,0.0,0.0,0.0
fashion_mnist,20,2,mixed_maturity,access_freshness_lease,dirichlet_lcb,diverse_then_repeat_backdoor,0.5,20,5,0.83392,0.0036438131565651568,0.44244444444444453,0.18625378966071351,0.054983684876850916,0.021731251187029666,2.0,0.0,2.0,0.0,1.0,0.0,1.0,0.0,0.0,0.0,0.0,0.0,2.0,0.0,0.0,0.0
fashion_mnist,20,2,mixed_maturity,access_freshness_lease,dirichlet_lcb,diverse_then_repeat_backdoor,0.5,21,5,0.8295200000000001,0.006657913046629969,0.4330222222222222,0.1890788888658881,0.054983684876850916,0.021731251187029663,2.0,0.0,2.0,0.0,1.0,0.0,1.0,0.0,0.0,0.0,0.0,0.0,0.0,0.0,0.0,0.0
fashion_mnist,20,2,mixed_maturity,access_freshness_lease,dirichlet_lcb,diverse_then_repeat_backdoor,0.5,22,5,0.83176,0.009523490017339395,0.4343111111111111,0.17210814717438946,0.054983684876850916,0.021731251187029663,2.0,0.0,2.0,0.0,1.0,0.0,1.0,0.0,0.0,0.0,0.0,0.0,0.0,0.0,0.0,0.0
fashion_mnist,20,2,mixed_maturity,access_freshness_lease,dirichlet_lcb,diverse_then_repeat_backdoor,0.5,23,5,0.8299199999999999,0.012360139888838969,0.4444444444444445,0.15068428705104273,0.05498368487685089,0.021731251187029652,2.0,0.0,2.0,0.0,1.0,0.0,1.0,0.0,0.0,0.0,0.0,0.0,0.0,0.0,0.0,0.0
fashion_mnist,20,2,mixed_maturity,access_freshness_lease,dirichlet_lcb,diverse_then_repeat_backdoor,0.5,24,5,0.8356000000000001,0.0037456292272943477,0.45986666666666665,0.16159788029302105,0.0549836848768509,0.021731251187029652,2.0,0.0,2.0,0.0,1.0,0.0,1.0,0.0,0.0,0.0,0.0,0.0,0.0,0.0,0.0,0.0
fashion_mnist,20,2,mixed_maturity,access_freshness_lease,dirichlet_lcb,diverse_then_repeat_backdoor,0.5,25,5,0.83348,0.004075231282557775,0.5028,0.15901974565182825,0.10381999954466663,0.03892949916260288,2.0,0.0,2.0,0.0,1.0,0.0,0.0,0.0,1.0,0.0,0.0,0.0,0.0,0.0,2.0,0.0
fashion_mnist,20,2,mixed_maturity,access_freshness_lease,dirichlet_lcb,diverse_then_repeat_backdoor,0.5,26,5,0.8275599999999999,0.01277213033480073,0.49106666666666665,0.19259700901398008,0.10381999954466666,0.03892949916260289,2.0,0.0,2.0,0.0,1.0,0.0,0.0,0.0,1.0,0.0,0.0,0.0,0.0,0.0,0.0,0.0
fashion_mnist,20,2,mixed_maturity,access_freshness_lease,dirichlet_lcb,diverse_then_repeat_backdoor,0.5,27,5,0.83636,0.005057094886178559,0.5488000000000001,0.2015307896210841,0.10381999954466663,0.038929499162602875,2.0,0.0,2.0,0.0,1.0,0.0,0.0,0.0,1.0,0.0,0.0,0.0,0.0,0.0,0.0,0.0
fashion_mnist,20,2,mixed_maturity,access_freshness_lease,dirichlet_lcb,diverse_then_repeat_backdoor,0.5,28,5,0.83596,0.004620591942647679,0.5604000000000001,0.18747815732494738,0.10381999954466666,0.038929499162602875,2.0,0.0,2.0,0.0,1.0,0.0,0.0,0.0,1.0,0.0,0.0,0.0,0.0,0.0,0.0,0.0
fashion_mnist,20,2,mixed_maturity,access_freshness_lease,dirichlet_lcb,diverse_then_repeat_backdoor,0.5,29,5,0.83572,0.006179945209177256,0.5735111111111111,0.17880242606986924,0.10381999954466663,0.03892949916260288,2.0,0.0,2.0,0.0,1.0,0.0,0.0,0.0,1.0,0.0,0.0,0.0,0.0,0.0,0.0,0.0
fashion_mnist,20,2,mixed_maturity,access_freshness_lease,dirichlet_lcb,diverse_then_repeat_backdoor,0.5,30,5,0.8351600000000001,0.006349263150871547,0.5742222222222222,0.17142703776148352,0.054983684876850916,0.021731251187029666,2.0,0.0,2.0,0.0,1.0,0.0,1.0,0.0,0.0,0.0,0.0,0.0,2.0,0.0,0.0,0.0
fashion_mnist,20,2,mixed_maturity,access_freshness_lease,dirichlet_lcb,diverse_then_repeat_backdoor,0.5,31,5,0.82548,0.023735341884339747,0.5780444444444444,0.1893987141359574,0.054983684876850916,0.021731251187029663,2.0,0.0,2.0,0.0,1.0,0.0,1.0,0.0,0.0,0.0,0.0,0.0,0.0,0.0,0.0,0.0
fashion_mnist,20,2,mixed_maturity,access_freshness_lease,dirichlet_lcb,diverse_then_repeat_backdoor,0.5,32,5,0.82804,0.02205930628359291,0.5615111111111111,0.1742483660952828,0.0549836848768509,0.021731251187029656,2.0,0.0,2.0,0.0,1.0,0.0,1.0,0.0,0.0,0.0,0.0,0.0,0.0,0.0,0.0,0.0
fashion_mnist,20,2,mixed_maturity,access_freshness_lease,dirichlet_lcb,diverse_then_repeat_backdoor,0.5,33,5,0.8362,0.0027930540974429345,0.5845333333333332,0.15700437550216334,0.0549836848768509,0.021731251187029656,2.0,0.0,2.0,0.0,1.0,0.0,1.0,0.0,0.0,0.0,0.0,0.0,0.0,0.0,0.0,0.0
fashion_mnist,20,2,mixed_maturity,access_freshness_lease,dirichlet_lcb,diverse_then_repeat_backdoor,0.5,34,5,0.8375199999999999,0.006129847550686606,0.5969777777777778,0.17107221552580923,0.054983684876850916,0.021731251187029663,2.0,0.0,2.0,0.0,1.0,0.0,1.0,0.0,0.0,0.0,0.0,0.0,0.0,0.0,0.0,0.0
fashion_mnist,20,2,mixed_maturity,access_freshness_lease,dirichlet_lcb,diverse_then_repeat_backdoor,0.5,35,5,0.83848,0.004807661430535114,0.6210666666666667,0.15552552869084496,0.10381999954466663,0.038929499162602854,2.0,0.0,2.0,0.0,1.0,0.0,0.0,0.0,1.0,0.0,0.0,0.0,0.0,0.0,2.0,0.0
fashion_mnist,20,2,mixed_maturity,access_freshness_lease,dirichlet_lcb,diverse_then_repeat_backdoor,0.5,36,5,0.8378,0.0030312881300257033,0.6288,0.16726431185236873,0.10381999954466663,0.038929499162602875,2.0,0.0,2.0,0.0,1.0,0.0,0.0,0.0,1.0,0.0,0.0,0.0,0.0,0.0,0.0,0.0
fashion_mnist,20,2,mixed_maturity,access_freshness_lease,dirichlet_lcb,diverse_then_repeat_backdoor,0.5,37,5,0.8384400000000001,0.003342821458466964,0.6470222222222223,0.17611004355447046,0.10381999954466666,0.03892949916260288,2.0,0.0,2.0,0.0,1.0,0.0,0.0,0.0,1.0,0.0,0.0,0.0,0.0,0.0,0.0,0.0
fashion_mnist,20,2,mixed_maturity,access_freshness_lease,dirichlet_lcb,diverse_then_repeat_backdoor,0.5,38,5,0.8348000000000001,0.007728298663161624,0.6488888888888888,0.2005956295641491,0.10381999954466666,0.03892949916260288,2.0,0.0,2.0,0.0,1.0,0.0,0.0,0.0,1.0,0.0,0.0,0.0,0.0,0.0,0.0,0.0
fashion_mnist,20,2,mixed_maturity,access_freshness_lease,dirichlet_lcb,diverse_then_repeat_backdoor,0.5,39,5,0.8375600000000001,0.00618443409293622,0.6756888888888888,0.15599552842301326,0.10381999954466666,0.038929499162602875,2.0,0.0,2.0,0.0,1.0,0.0,0.0,0.0,1.0,0.0,0.0,0.0,0.0,0.0,0.0,0.0
fashion_mnist,20,2,mixed_maturity,access_freshness_lease,dirichlet_lcb,diverse_then_repeat_backdoor,0.5,40,5,0.8384799999999999,0.006232114342010712,0.6623111111111111,0.15427170185344247,0.05498368487685089,0.021731251187029652,2.0,0.0,2.0,0.0,1.0,0.0,1.0,0.0,0.0,0.0,0.0,0.0,2.0,0.0,0.0,0.0
fashion_mnist,20,2,mixed_maturity,access_freshness_lease,dirichlet_lcb,diverse_then_repeat_backdoor,0.5,41,5,0.8365599999999999,0.0068289262292984725,0.6554666666666666,0.14742918021681176,0.0549836848768509,0.021731251187029656,2.0,0.0,2.0,0.0,1.0,0.0,1.0,0.0,0.0,0.0,0.0,0.0,0.0,0.0,0.0,0.0
fashion_mnist,20,2,mixed_maturity,access_freshness_lease,dirichlet_lcb,diverse_then_repeat_backdoor,0.5,42,5,0.83356,0.005801109478906183,0.6511111111111111,0.16469841900608045,0.0549836848768509,0.021731251187029652,2.0,0.0,2.0,0.0,1.0,0.0,1.0,0.0,0.0,0.0,0.0,0.0,0.0,0.0,0.0,0.0
fashion_mnist,20,2,mixed_maturity,access_freshness_lease,dirichlet_lcb,diverse_then_repeat_backdoor,0.5,43,5,0.8342400000000001,0.006772249899625867,0.6601777777777778,0.16402332620420482,0.0549836848768509,0.021731251187029656,2.0,0.0,2.0,0.0,1.0,0.0,1.0,0.0,0.0,0.0,0.0,0.0,0.0,0.0,0.0,0.0
fashion_mnist,20,2,mixed_maturity,access_freshness_lease,dirichlet_lcb,diverse_then_repeat_backdoor,0.5,44,5,0.8353999999999999,0.005673738770423826,0.6614222222222221,0.17881628545313777,0.0549836848768509,0.021731251187029656,2.0,0.0,2.0,0.0,1.0,0.0,1.0,0.0,0.0,0.0,0.0,0.0,0.0,0.0,0.0,0.0
fashion_mnist,20,2,mixed_maturity,access_freshness_lease,dirichlet_lcb,diverse_then_repeat_backdoor,0.5,45,5,0.84056,0.002416623944067676,0.6929333333333333,0.1679633450714818,0.10381999954466666,0.03892949916260288,2.0,0.0,2.0,0.0,1.0,0.0,0.0,0.0,1.0,0.0,0.0,0.0,0.0,0.0,2.0,0.0
fashion_mnist,20,2,mixed_maturity,access_freshness_lease,dirichlet_lcb,diverse_then_repeat_backdoor,0.5,46,5,0.84024,0.0018863487615169907,0.7069777777777778,0.1539690059992695,0.10381999954466663,0.03892949916260288,2.0,0.0,2.0,0.0,1.0,0.0,0.0,0.0,1.0,0.0,0.0,0.0,0.0,0.0,0.0,0.0
fashion_mnist,20,2,mixed_maturity,access_freshness_lease,dirichlet_lcb,diverse_then_repeat_backdoor,0.5,47,5,0.83708,0.0030292530253115558,0.7149777777777777,0.17468477403329777,0.10381999954466666,0.03892949916260289,2.0,0.0,2.0,0.0,1.0,0.0,0.0,0.0,1.0,0.0,0.0,0.0,0.0,0.0,0.0,0.0
fashion_mnist,20,2,mixed_maturity,access_freshness_lease,dirichlet_lcb,diverse_then_repeat_backdoor,0.5,48,5,0.8409599999999999,0.003939813758199161,0.7211111111111111,0.15047357248750956,0.10381999954466663,0.03892949916260288,2.0,0.0,2.0,0.0,1.0,0.0,0.0,0.0,1.0,0.0,0.0,0.0,0.0,0.0,0.0,0.0
fashion_mnist,20,2,mixed_maturity,access_freshness_lease,dirichlet_lcb,diverse_then_repeat_backdoor,0.5,49,5,0.83912,0.004392051833625735,0.7381333333333334,0.14763250791547491,0.10381999954466663,0.03892949916260289,2.0,0.0,2.0,0.0,1.0,0.0,0.0,0.0,1.0,0.0,0.0,0.0,0.0,0.0,0.0,0.0
fashion_mnist,20,2,mixed_maturity,access_freshness_lease,dirichlet_lcb,diverse_then_repeat_backdoor,0.5,50,5,0.83644,0.006256311065703578,0.7153777777777777,0.14472308700847158,0.0549836848768509,0.021731251187029663,2.0,0.0,2.0,0.0,1.0,0.0,1.0,0.0,0.0,0.0,0.0,0.0,2.0,0.0,0.0,0.0
fashion_mnist,20,2,mixed_maturity,access_full,dirichlet_lcb,benign_concept_drift,0.5,1,5,0.75768,0.014613282805314811,0.030666666666666665,0.019965061724603442,0.0549836848768509,0.021731251187029652,2.0,0.0,2.0,0.0,1.0,0.0,1.0,0.0,0.0,0.0,0.0,0.0,0.0,0.0,0.0,0.0
fashion_mnist,20,2,mixed_maturity,access_full,dirichlet_lcb,benign_concept_drift,0.5,2,5,0.7906799999999999,0.011137110059696491,0.026488888888888888,0.022923733183862625,0.054983684876850916,0.021731251187029663,2.0,0.0,2.0,0.0,1.0,0.0,1.0,0.0,0.0,0.0,0.0,0.0,0.0,0.0,0.0,0.0
fashion_mnist,20,2,mixed_maturity,access_full,dirichlet_lcb,benign_concept_drift,0.5,3,5,0.80472,0.00884741145102632,0.018488888888888888,0.010418510890870375,0.0549836848768509,0.021731251187029656,2.0,0.0,2.0,0.0,1.0,0.0,1.0,0.0,0.0,0.0,0.0,0.0,0.0,0.0,0.0,0.0
fashion_mnist,20,2,mixed_maturity,access_full,dirichlet_lcb,benign_concept_drift,0.5,4,5,0.8076799999999998,0.008682064152781496,0.020844444444444443,0.009748407258250028,0.0549836848768509,0.021731251187029652,2.0,0.0,2.0,0.0,1.0,0.0,1.0,0.0,0.0,0.0,0.0,0.0,0.0,0.0,0.0,0.0
fashion_mnist,20,2,mixed_maturity,access_full,dirichlet_lcb,benign_concept_drift,0.5,5,5,0.81684,0.006181940671033945,0.021822222222222222,0.008090307683169378,0.10381999954466663,0.03892949916260289,2.0,0.0,2.0,0.0,1.0,0.0,0.0,0.0,1.0,0.0,0.0,0.0,0.0,0.0,0.0,0.0
fashion_mnist,20,2,mixed_maturity,access_full,dirichlet_lcb,benign_concept_drift,0.5,6,5,0.8145199999999999,0.0142489802885772,0.015955555555555556,0.004154486339698389,0.10381999954466663,0.038929499162602875,2.0,0.0,2.0,0.0,1.0,0.0,0.0,0.0,1.0,0.0,0.0,0.0,0.0,0.0,0.0,0.0
fashion_mnist,20,2,mixed_maturity,access_full,dirichlet_lcb,benign_concept_drift,0.5,7,5,0.8149199999999999,0.015755537050443757,0.020933333333333335,0.010019927480886155,0.10381999954466666,0.0389294991626029,2.0,0.0,2.0,0.0,1.0,0.0,0.0,0.0,1.0,0.0,0.0,0.0,0.0,0.0,0.0,0.0
fashion_mnist,20,2,mixed_maturity,access_full,dirichlet_lcb,benign_concept_drift,0.5,8,5,0.8180799999999999,0.006820341780613601,0.019155555555555558,0.009857140466415056,0.10381999954466663,0.03892949916260288,2.0,0.0,2.0,0.0,1.0,0.0,0.0,0.0,1.0,0.0,0.0,0.0,0.0,0.0,0.0,0.0
fashion_mnist,20,2,mixed_maturity,access_full,dirichlet_lcb,benign_concept_drift,0.5,9,5,0.8198399999999999,0.004735935022734763,0.017466666666666665,0.008017518484686207,0.10381999954466663,0.03892949916260289,2.0,0.0,2.0,0.0,1.0,0.0,0.0,0.0,1.0,0.0,0.0,0.0,0.0,0.0,0.0,0.0
fashion_mnist,20,2,mixed_maturity,access_full,dirichlet_lcb,benign_concept_drift,0.5,10,5,0.82112,0.013538807254093302,0.017777777777777778,0.005042719469146984,0.10381999954466663,0.038929499162602875,2.0,0.0,2.0,0.0,1.0,0.0,0.0,0.0,1.0,0.0,0.0,0.0,0.0,0.0,0.0,0.0
fashion_mnist,20,2,mixed_maturity,access_full,dirichlet_lcb,benign_concept_drift,0.5,11,5,0.82652,0.009216125040195191,0.019422222222222223,0.0076804449605556175,0.10381999954466663,0.038929499162602875,2.0,0.0,2.0,0.0,1.0,0.0,0.0,0.0,1.0,0.0,0.0,0.0,0.0,0.0,0.0,0.0
fashion_mnist,20,2,mixed_maturity,access_full,dirichlet_lcb,benign_concept_drift,0.5,12,5,0.8266,0.005735896372656166,0.020488888888888886,0.011080729885370288,0.10381999954466663,0.038929499162602875,2.0,0.0,2.0,0.0,1.0,0.0,0.0,0.0,1.0,0.0,0.0,0.0,0.0,0.0,0.0,0.0
fashion_mnist,20,2,mixed_maturity,access_full,dirichlet_lcb,benign_concept_drift,0.5,13,5,0.8192,0.01834555931151297,0.018711111111111112,0.010846357753231593,0.10381999954466666,0.038929499162602875,2.0,0.0,2.0,0.0,1.0,0.0,0.0,0.0,1.0,0.0,0.0,0.0,0.0,0.0,0.0,0.0
fashion_mnist,20,2,mixed_maturity,access_full,dirichlet_lcb,benign_concept_drift,0.5,14,5,0.8313199999999998,0.002436953420573505,0.02031111111111111,0.0066611827205081495,0.10381999954466663,0.03892949916260289,2.0,0.0,2.0,0.0,1.0,0.0,0.0,0.0,1.0,0.0,0.0,0.0,0.0,0.0,0.0,0.0
fashion_mnist,20,2,mixed_maturity,access_full,dirichlet_lcb,benign_concept_drift,0.5,15,5,0.82764,0.004832609877718992,0.018444444444444444,0.007614239429759543,0.10381999954466666,0.03892949916260289,2.0,0.0,2.0,0.0,1.0,0.0,0.0,0.0,1.0,0.0,0.0,0.0,0.0,0.0,0.0,0.0
fashion_mnist,20,2,mixed_maturity,access_full,dirichlet_lcb,benign_concept_drift,0.5,16,5,0.8301999999999999,0.0038989040404366054,0.019733333333333332,0.007121867498640323,0.10381999954466666,0.03892949916260288,2.0,0.0,2.0,0.0,1.0,0.0,0.0,0.0,1.0,0.0,0.0,0.0,0.0,0.0,0.0,0.0
fashion_mnist,20,2,mixed_maturity,access_full,dirichlet_lcb,benign_concept_drift,0.5,17,5,0.8318,0.005164486429523436,0.021644444444444445,0.00775688881105847,0.10381999954466666,0.038929499162602875,2.0,0.0,2.0,0.0,1.0,0.0,0.0,0.0,1.0,0.0,0.0,0.0,0.0,0.0,0.0,0.0
fashion_mnist,20,2,mixed_maturity,access_full,dirichlet_lcb,benign_concept_drift,0.5,18,5,0.83216,0.005295373061731378,0.020177777777777777,0.005189303902721852,0.10381999954466666,0.0389294991626029,2.0,0.0,2.0,0.0,1.0,0.0,0.0,0.0,1.0,0.0,0.0,0.0,0.0,0.0,0.0,0.0
fashion_mnist,20,2,mixed_maturity,access_full,dirichlet_lcb,benign_concept_drift,0.5,19,5,0.8274800000000001,0.00834708565072878,0.021733333333333334,0.011763936696968366,0.10381999954466666,0.038929499162602875,2.0,0.0,2.0,0.0,1.0,0.0,0.0,0.0,1.0,0.0,0.0,0.0,0.0,0.0,0.0,0.0
fashion_mnist,20,2,mixed_maturity,access_full,dirichlet_lcb,benign_concept_drift,0.5,20,5,0.8295999999999999,0.009608265271524759,0.022044444444444443,0.006674884173560464,0.10381999954466666,0.038929499162602875,2.0,0.0,2.0,0.0,1.0,0.0,0.0,0.0,1.0,0.0,0.0,0.0,0.0,0.0,0.0,0.0
fashion_mnist,20,2,mixed_maturity,access_full,dirichlet_lcb,benign_concept_drift,0.5,21,5,0.8277599999999999,0.009698341733844644,0.017377777777777777,0.006857729900227918,0.10381999954466663,0.03892949916260288,2.0,0.0,2.0,0.0,1.0,0.0,0.0,0.0,1.0,0.0,0.0,0.0,0.0,0.0,0.0,0.0
fashion_mnist,20,2,mixed_maturity,access_full,dirichlet_lcb,benign_concept_drift,0.5,22,5,0.8288399999999999,0.0171524095699651,0.018088888888888887,0.011391072008263356,0.10381999954466666,0.03892949916260289,2.0,0.0,2.0,0.0,1.0,0.0,0.0,0.0,1.0,0.0,0.0,0.0,0.0,0.0,0.0,0.0
fashion_mnist,20,2,mixed_maturity,access_full,dirichlet_lcb,benign_concept_drift,0.5,23,5,0.825,0.018009693193819537,0.016844444444444447,0.007731819747085059,0.10381999954466663,0.038929499162602875,2.0,0.0,2.0,0.0,1.0,0.0,0.0,0.0,1.0,0.0,0.0,0.0,0.0,0.0,0.0,0.0
fashion_mnist,20,2,mixed_maturity,access_full,dirichlet_lcb,benign_concept_drift,0.5,24,5,0.83416,0.0016227365650084778,0.02311111111111111,0.009281514647674316,0.10381999954466666,0.03892949916260288,2.0,0.0,2.0,0.0,1.0,0.0,0.0,0.0,1.0,0.0,0.0,0.0,0.0,0.0,0.0,0.0
fashion_mnist,20,2,mixed_maturity,access_full,dirichlet_lcb,benign_concept_drift,0.5,25,5,0.82972,0.006056469920150341,0.01937777777777778,0.0064249733686755585,0.10381999954466666,0.03892949916260288,2.0,0.0,2.0,0.0,1.0,0.0,0.0,0.0,1.0,0.0,0.0,0.0,0.0,0.0,0.0,0.0
fashion_mnist,20,2,mixed_maturity,access_full,dirichlet_lcb,benign_concept_drift,0.5,26,5,0.82148,0.024933404570331687,0.0156,0.008489805950798868,0.10381999954466663,0.038929499162602896,2.0,0.0,2.0,0.0,1.0,0.0,0.0,0.0,1.0,0.0,0.0,0.0,0.0,0.0,0.0,0.0
fashion_mnist,20,2,mixed_maturity,access_full,dirichlet_lcb,benign_concept_drift,0.5,27,5,0.83212,0.01171199196077178,0.0196,0.007602731882566213,0.10381999954466663,0.03892949916260288,2.0,0.0,2.0,0.0,1.0,0.0,0.0,0.0,1.0,0.0,0.0,0.0,0.0,0.0,0.0,0.0
fashion_mnist,20,2,mixed_maturity,access_full,dirichlet_lcb,benign_concept_drift,0.5,28,5,0.83192,0.0033712949677027104,0.017822222222222222,0.007161843867912133,0.10381999954466663,0.03892949916260288,2.0,0.0,2.0,0.0,1.0,0.0,0.0,0.0,1.0,0.0,0.0,0.0,0.0,0.0,0.0,0.0
fashion_mnist,20,2,mixed_maturity,access_full,dirichlet_lcb,benign_concept_drift,0.5,29,5,0.8312800000000001,0.005133345921323562,0.02053333333333333,0.010217809777162704,0.10381999954466666,0.03892949916260288,2.0,0.0,2.0,0.0,1.0,0.0,0.0,0.0,1.0,0.0,0.0,0.0,0.0,0.0,0.0,0.0
fashion_mnist,20,2,mixed_maturity,access_full,dirichlet_lcb,benign_concept_drift,0.5,30,5,0.8329599999999999,0.005639396758956804,0.02222222222222222,0.012200143982293713,0.10381999954466663,0.038929499162602875,2.0,0.0,2.0,0.0,1.0,0.0,0.0,0.0,1.0,0.0,0.0,0.0,0.0,0.0,0.0,0.0
fashion_mnist,20,2,mixed_maturity,access_full,dirichlet_lcb,benign_concept_drift,0.5,31,5,0.8173199999999999,0.0390667038792123,0.018266666666666667,0.00787330588080411,0.10381999954466666,0.038929499162602875,2.0,0.0,2.0,0.0,1.0,0.0,0.0,0.0,1.0,0.0,0.0,0.0,0.0,0.0,0.0,0.0
fashion_mnist,20,2,mixed_maturity,access_full,dirichlet_lcb,benign_concept_drift,0.5,32,5,0.8241200000000001,0.02931673616122959,0.016311111111111113,0.008512643097647729,0.10381999954466666,0.03892949916260288,2.0,0.0,2.0,0.0,1.0,0.0,0.0,0.0,1.0,0.0,0.0,0.0,0.0,0.0,0.0,0.0
fashion_mnist,20,2,mixed_maturity,access_full,dirichlet_lcb,benign_concept_drift,0.5,33,5,0.8341200000000001,0.008233646147946345,0.022133333333333335,0.010556803714079549,0.10381999954466663,0.03892949916260288,2.0,0.0,2.0,0.0,1.0,0.0,0.0,0.0,1.0,0.0,0.0,0.0,0.0,0.0,0.0,0.0
fashion_mnist,20,2,mixed_maturity,access_full,dirichlet_lcb,benign_concept_drift,0.5,34,5,0.8323600000000001,0.014076768349855998,0.020088888888888885,0.008588328354631166,0.10381999954466663,0.03892949916260289,2.0,0.0,2.0,0.0,1.0,0.0,0.0,0.0,1.0,0.0,0.0,0.0,0.0,0.0,0.0,0.0
fashion_mnist,20,2,mixed_maturity,access_full,dirichlet_lcb,benign_concept_drift,0.5,35,5,0.8326,0.00665188967161174,0.01982222222222222,0.008769912440056156,0.10381999954466663,0.03892949916260288,2.0,0.0,2.0,0.0,1.0,0.0,0.0,0.0,1.0,0.0,0.0,0.0,0.0,0.0,0.0,0.0
fashion_mnist,20,2,mixed_maturity,access_full,dirichlet_lcb,benign_concept_drift,0.5,36,5,0.8337200000000001,0.002993414732966041,0.021333333333333333,0.005424582572478988,0.10381999954466666,0.03892949916260288,2.0,0.0,2.0,0.0,1.0,0.0,0.0,0.0,1.0,0.0,0.0,0.0,0.0,0.0,0.0,0.0
fashion_mnist,20,2,mixed_maturity,access_full,dirichlet_lcb,benign_concept_drift,0.5,37,5,0.8334400000000001,0.004040276201103256,0.019644444444444444,0.010063901344843045,0.10381999954466666,0.03892949916260288,2.0,0.0,2.0,0.0,1.0,0.0,0.0,0.0,1.0,0.0,0.0,0.0,0.0,0.0,0.0,0.0
fashion_mnist,20,2,mixed_maturity,access_full,dirichlet_lcb,benign_concept_drift,0.5,38,5,0.8342,0.008896762991724084,0.017377777777777777,0.004033609361989296,0.10381999954466663,0.03892949916260288,2.0,0.0,2.0,0.0,1.0,0.0,0.0,0.0,1.0,0.0,0.0,0.0,0.0,0.0,0.0,0.0
fashion_mnist,20,2,mixed_maturity,access_full,dirichlet_lcb,benign_concept_drift,0.5,39,5,0.8309599999999999,0.012535764950314231,0.020800000000000003,0.007371906988119113,0.10381999954466663,0.03892949916260288,2.0,0.0,2.0,0.0,1.0,0.0,0.0,0.0,1.0,0.0,0.0,0.0,0.0,0.0,0.0,0.0
fashion_mnist,20,2,mixed_maturity,access_full,dirichlet_lcb,benign_concept_drift,0.5,40,5,0.8366,0.008539543583458797,0.02351111111111111,0.009255639631168527,0.10381999954466666,0.038929499162602875,2.0,0.0,2.0,0.0,1.0,0.0,0.0,0.0,1.0,0.0,0.0,0.0,0.0,0.0,0.0,0.0
fashion_mnist,20,2,mixed_maturity,access_full,dirichlet_lcb,benign_concept_drift,0.5,41,5,0.833,0.008247490821655247,0.018133333333333335,0.01009034458302676,0.10381999954466666,0.03892949916260288,2.0,0.0,2.0,0.0,1.0,0.0,0.0,0.0,1.0,0.0,0.0,0.0,0.0,0.0,0.0,0.0
fashion_mnist,20,2,mixed_maturity,access_full,dirichlet_lcb,benign_concept_drift,0.5,42,5,0.83036,0.005830270291575753,0.018488888888888888,0.0094530102224512,0.10381999954466666,0.03892949916260289,2.0,0.0,2.0,0.0,1.0,0.0,0.0,0.0,1.0,0.0,0.0,0.0,0.0,0.0,0.0,0.0
fashion_mnist,20,2,mixed_maturity,access_full,dirichlet_lcb,benign_concept_drift,0.5,43,5,0.8309599999999999,0.006662079885285428,0.017466666666666665,0.0069355576498492996,0.10381999954466666,0.038929499162602896,2.0,0.0,2.0,0.0,1.0,0.0,0.0,0.0,1.0,0.0,0.0,0.0,0.0,0.0,0.0,0.0
fashion_mnist,20,2,mixed_maturity,access_full,dirichlet_lcb,benign_concept_drift,0.5,44,5,0.8350800000000002,0.00664864405557482,0.019688888888888888,0.01157341500646878,0.10381999954466666,0.038929499162602875,2.0,0.0,2.0,0.0,1.0,0.0,0.0,0.0,1.0,0.0,0.0,0.0,0.0,0.0,0.0,0.0
fashion_mnist,20,2,mixed_maturity,access_full,dirichlet_lcb,benign_concept_drift,0.5,45,5,0.8351200000000001,0.0027237478369157115,0.02071111111111111,0.008169906353648225,0.10381999954466663,0.038929499162602875,2.0,0.0,2.0,0.0,1.0,0.0,0.0,0.0,1.0,0.0,0.0,0.0,0.0,0.0,0.0,0.0
fashion_mnist,20,2,mixed_maturity,access_full,dirichlet_lcb,benign_concept_drift,0.5,46,5,0.83632,0.003849558910367851,0.021333333333333333,0.0034296975020140803,0.10381999954466666,0.03892949916260288,2.0,0.0,2.0,0.0,1.0,0.0,0.0,0.0,1.0,0.0,0.0,0.0,0.0,0.0,0.0,0.0
fashion_mnist,20,2,mixed_maturity,access_full,dirichlet_lcb,benign_concept_drift,0.5,47,5,0.83124,0.00239096903540935,0.021733333333333334,0.012001007500311656,0.10381999954466663,0.03892949916260288,2.0,0.0,2.0,0.0,1.0,0.0,0.0,0.0,1.0,0.0,0.0,0.0,0.0,0.0,0.0,0.0
fashion_mnist,20,2,mixed_maturity,access_full,dirichlet_lcb,benign_concept_drift,0.5,48,5,0.83596,0.007632750078303606,0.018444444444444447,0.010166266598372534,0.10381999954466663,0.038929499162602875,2.0,0.0,2.0,0.0,1.0,0.0,0.0,0.0,1.0,0.0,0.0,0.0,0.0,0.0,0.0,0.0
fashion_mnist,20,2,mixed_maturity,access_full,dirichlet_lcb,benign_concept_drift,0.5,49,5,0.8357199999999999,0.0025543294967819634,0.020622222222222222,0.007486683639838647,0.10381999954466666,0.03892949916260288,2.0,0.0,2.0,0.0,1.0,0.0,0.0,0.0,1.0,0.0,0.0,0.0,0.0,0.0,0.0,0.0
fashion_mnist,20,2,mixed_maturity,access_full,dirichlet_lcb,benign_concept_drift,0.5,50,5,0.8356000000000001,0.006766783998897127,0.018266666666666667,0.009125164059751488,0.10381999954466663,0.03892949916260288,2.0,0.0,2.0,0.0,1.0,0.0,0.0,0.0,1.0,0.0,0.0,0.0,0.0,0.0,0.0,0.0
fashion_mnist,20,2,mixed_maturity,access_full,dirichlet_lcb,diverse_then_repeat_backdoor,0.5,1,5,0.75768,0.014613282805314811,0.030666666666666665,0.019965061724603442,0.05498368487685089,0.021731251187029652,2.0,0.0,2.0,0.0,1.0,0.0,1.0,0.0,0.0,0.0,0.0,0.0,0.0,0.0,0.0,0.0
fashion_mnist,20,2,mixed_maturity,access_full,dirichlet_lcb,diverse_then_repeat_backdoor,0.5,2,5,0.78972,0.011197854367158727,0.03888888888888888,0.029824197290664968,0.054983684876850916,0.021731251187029663,2.0,0.0,2.0,0.0,1.0,0.0,1.0,0.0,0.0,0.0,0.0,0.0,0.0,0.0,0.0,0.0
fashion_mnist,20,2,mixed_maturity,access_full,dirichlet_lcb,diverse_then_repeat_backdoor,0.5,3,5,0.80532,0.008941015447192911,0.03888888888888889,0.020737583216729263,0.0549836848768509,0.021731251187029656,2.0,0.0,2.0,0.0,1.0,0.0,1.0,0.0,0.0,0.0,0.0,0.0,0.0,0.0,0.0,0.0
fashion_mnist,20,2,mixed_maturity,access_full,dirichlet_lcb,diverse_then_repeat_backdoor,0.5,4,5,0.8104799999999999,0.005304681569134368,0.05564444444444444,0.016987456904775988,0.0549836848768509,0.021731251187029663,2.0,0.0,2.0,0.0,1.0,0.0,1.0,0.0,0.0,0.0,0.0,0.0,0.0,0.0,0.0,0.0
fashion_mnist,20,2,mixed_maturity,access_full,dirichlet_lcb,diverse_then_repeat_backdoor,0.5,5,5,0.8187599999999999,0.005869801574002421,0.08164444444444444,0.02256235896494903,0.10381999954466666,0.03892949916260289,2.0,0.0,2.0,0.0,1.0,0.0,0.0,0.0,1.0,0.0,0.0,0.0,0.0,0.0,0.0,0.0
fashion_mnist,20,2,mixed_maturity,access_full,dirichlet_lcb,diverse_then_repeat_backdoor,0.5,6,5,0.8196,0.005608144210207241,0.10955555555555554,0.05691156480657761,0.10381999954466663,0.03892949916260288,2.0,0.0,2.0,0.0,1.0,0.0,0.0,0.0,1.0,0.0,0.0,0.0,0.0,0.0,0.0,0.0
fashion_mnist,20,2,mixed_maturity,access_full,dirichlet_lcb,diverse_then_repeat_backdoor,0.5,7,5,0.8222400000000001,0.0036387323084188096,0.1451111111111111,0.07545031788958567,0.10381999954466663,0.03892949916260288,2.0,0.0,2.0,0.0,1.0,0.0,0.0,0.0,1.0,0.0,0.0,0.0,0.0,0.0,0.0,0.0
fashion_mnist,20,2,mixed_maturity,access_full,dirichlet_lcb,diverse_then_repeat_backdoor,0.5,8,5,0.82204,0.009026478814767109,0.18435555555555555,0.10347634098448641,0.10381999954466666,0.03892949916260288,2.0,0.0,2.0,0.0,1.0,0.0,0.0,0.0,1.0,0.0,0.0,0.0,0.0,0.0,0.0,0.0
fashion_mnist,20,2,mixed_maturity,access_full,dirichlet_lcb,diverse_then_repeat_backdoor,0.5,9,5,0.82372,0.005127335679335994,0.2092,0.10800593068531099,0.10381999954466663,0.038929499162602875,2.0,0.0,2.0,0.0,1.0,0.0,0.0,0.0,1.0,0.0,0.0,0.0,0.0,0.0,0.0,0.0
fashion_mnist,20,2,mixed_maturity,access_full,dirichlet_lcb,diverse_then_repeat_backdoor,0.5,10,5,0.82864,0.0028768044550245286,0.2561333333333333,0.1491481200985152,0.10381999954466666,0.03892949916260289,2.0,0.0,2.0,0.0,1.0,0.0,0.0,0.0,1.0,0.0,0.0,0.0,0.0,0.0,0.0,0.0
fashion_mnist,20,2,mixed_maturity,access_full,dirichlet_lcb,diverse_then_repeat_backdoor,0.5,11,5,0.82736,0.009079272662156893,0.2732888888888889,0.13663994103355753,0.10381999954466663,0.038929499162602875,2.0,0.0,2.0,0.0,1.0,0.0,0.0,0.0,1.0,0.0,0.0,0.0,0.0,0.0,0.0,0.0
fashion_mnist,20,2,mixed_maturity,access_full,dirichlet_lcb,diverse_then_repeat_backdoor,0.5,12,5,0.8277599999999999,0.0059713582639145625,0.31897777777777775,0.1879621311919823,0.10381999954466666,0.038929499162602875,2.0,0.0,2.0,0.0,1.0,0.0,0.0,0.0,1.0,0.0,0.0,0.0,0.0,0.0,0.0,0.0
fashion_mnist,20,2,mixed_maturity,access_full,dirichlet_lcb,diverse_then_repeat_backdoor,0.5,13,5,0.82592,0.008118621737621495,0.3369777777777777,0.18802763724141264,0.10381999954466666,0.038929499162602875,2.0,0.0,2.0,0.0,1.0,0.0,0.0,0.0,1.0,0.0,0.0,0.0,0.0,0.0,0.0,0.0
fashion_mnist,20,2,mixed_maturity,access_full,dirichlet_lcb,diverse_then_repeat_backdoor,0.5,14,5,0.8319599999999999,0.003800384429263783,0.3744888888888889,0.16465465953770506,0.10381999954466663,0.03892949916260289,2.0,0.0,2.0,0.0,1.0,0.0,0.0,0.0,1.0,0.0,0.0,0.0,0.0,0.0,0.0,0.0
fashion_mnist,20,2,mixed_maturity,access_full,dirichlet_lcb,diverse_then_repeat_backdoor,0.5,15,5,0.8282399999999999,0.003561649926359138,0.3838222222222222,0.18159696206008363,0.10381999954466663,0.03892949916260288,2.0,0.0,2.0,0.0,1.0,0.0,0.0,0.0,1.0,0.0,0.0,0.0,0.0,0.0,0.0,0.0
fashion_mnist,20,2,mixed_maturity,access_full,dirichlet_lcb,diverse_then_repeat_backdoor,0.5,16,5,0.8314400000000001,0.0033428214584670254,0.41884444444444446,0.1966069554418557,0.10381999954466666,0.03892949916260289,2.0,0.0,2.0,0.0,1.0,0.0,0.0,0.0,1.0,0.0,0.0,0.0,0.0,0.0,0.0,0.0
fashion_mnist,20,2,mixed_maturity,access_full,dirichlet_lcb,diverse_then_repeat_backdoor,0.5,17,5,0.8315999999999999,0.007117670325221972,0.4774222222222222,0.17636114689290966,0.10381999954466666,0.038929499162602875,2.0,0.0,2.0,0.0,1.0,0.0,0.0,0.0,1.0,0.0,0.0,0.0,0.0,0.0,0.0,0.0
fashion_mnist,20,2,mixed_maturity,access_full,dirichlet_lcb,diverse_then_repeat_backdoor,0.5,18,5,0.83452,0.0022322342380886357,0.4765777777777777,0.17883735987596153,0.10381999954466663,0.038929499162602875,2.0,0.0,2.0,0.0,1.0,0.0,0.0,0.0,1.0,0.0,0.0,0.0,0.0,0.0,0.0,0.0
fashion_mnist,20,2,mixed_maturity,access_full,dirichlet_lcb,diverse_then_repeat_backdoor,0.5,19,5,0.8337200000000001,0.0038535617802341487,0.5181333333333333,0.18483379036013586,0.10381999954466663,0.03892949916260288,2.0,0.0,2.0,0.0,1.0,0.0,0.0,0.0,1.0,0.0,0.0,0.0,0.0,0.0,0.0,0.0
fashion_mnist,20,2,mixed_maturity,access_full,dirichlet_lcb,diverse_then_repeat_backdoor,0.5,20,5,0.83424,0.0023453977915196596,0.5301777777777777,0.1961257973366511,0.10381999954466666,0.038929499162602875,2.0,0.0,2.0,0.0,1.0,0.0,0.0,0.0,1.0,0.0,0.0,0.0,0.0,0.0,0.0,0.0
fashion_mnist,20,2,mixed_maturity,access_full,dirichlet_lcb,diverse_then_repeat_backdoor,0.5,21,5,0.8297599999999999,0.006620293481676542,0.5334222222222221,0.20247689713953437,0.10381999954466663,0.038929499162602875,2.0,0.0,2.0,0.0,1.0,0.0,0.0,0.0,1.0,0.0,0.0,0.0,0.0,0.0,0.0,0.0
fashion_mnist,20,2,mixed_maturity,access_full,dirichlet_lcb,diverse_then_repeat_backdoor,0.5,22,5,0.83216,0.0062636995394024725,0.5446222222222222,0.19010578629130476,0.10381999954466666,0.03892949916260288,2.0,0.0,2.0,0.0,1.0,0.0,0.0,0.0,1.0,0.0,0.0,0.0,0.0,0.0,0.0,0.0
fashion_mnist,20,2,mixed_maturity,access_full,dirichlet_lcb,diverse_then_repeat_backdoor,0.5,23,5,0.83004,0.010968047602537244,0.5684888888888889,0.16367622357506562,0.10381999954466663,0.03892949916260288,2.0,0.0,2.0,0.0,1.0,0.0,0.0,0.0,1.0,0.0,0.0,0.0,0.0,0.0,0.0,0.0
fashion_mnist,20,2,mixed_maturity,access_full,dirichlet_lcb,diverse_then_repeat_backdoor,0.5,24,5,0.8347200000000001,0.004263809808195218,0.5893777777777778,0.17150800457516496,0.10381999954466666,0.03892949916260288,2.0,0.0,2.0,0.0,1.0,0.0,0.0,0.0,1.0,0.0,0.0,0.0,0.0,0.0,0.0,0.0
fashion_mnist,20,2,mixed_maturity,access_full,dirichlet_lcb,diverse_then_repeat_backdoor,0.5,25,5,0.83396,0.004024983654929169,0.6113333333333333,0.1581325410934592,0.10381999954466666,0.038929499162602896,2.0,0.0,2.0,0.0,1.0,0.0,0.0,0.0,1.0,0.0,0.0,0.0,0.0,0.0,0.0,0.0
fashion_mnist,20,2,mixed_maturity,access_full,dirichlet_lcb,diverse_then_repeat_backdoor,0.5,26,5,0.82684,0.013021971530228308,0.5883555555555555,0.19027663713033324,0.10381999954466663,0.03892949916260288,2.0,0.0,2.0,0.0,1.0,0.0,0.0,0.0,1.0,0.0,0.0,0.0,0.0,0.0,0.0,0.0
fashion_mnist,20,2,mixed_maturity,access_full,dirichlet_lcb,diverse_then_repeat_backdoor,0.5,27,5,0.83636,0.004914856820105043,0.6337333333333334,0.19034522651461028,0.10381999954466666,0.03892949916260289,2.0,0.0,2.0,0.0,1.0,0.0,0.0,0.0,1.0,0.0,0.0,0.0,0.0,0.0,0.0,0.0
fashion_mnist,20,2,mixed_maturity,access_full,dirichlet_lcb,diverse_then_repeat_backdoor,0.5,28,5,0.8358399999999999,0.004819831933944595,0.6427111111111111,0.18119098730192,0.10381999954466663,0.038929499162602875,2.0,0.0,2.0,0.0,1.0,0.0,0.0,0.0,1.0,0.0,0.0,0.0,0.0,0.0,0.0,0.0
fashion_mnist,20,2,mixed_maturity,access_full,dirichlet_lcb,diverse_then_repeat_backdoor,0.5,29,5,0.83596,0.005755752180345071,0.647688888888889,0.1700381440907539,0.10381999954466666,0.03892949916260288,2.0,0.0,2.0,0.0,1.0,0.0,0.0,0.0,1.0,0.0,0.0,0.0,0.0,0.0,0.0,0.0
fashion_mnist,20,2,mixed_maturity,access_full,dirichlet_lcb,diverse_then_repeat_backdoor,0.5,30,5,0.8358399999999999,0.006450441483025905,0.6671555555555555,0.16470435904124966,0.10381999954466666,0.03892949916260289,2.0,0.0,2.0,0.0,1.0,0.0,0.0,0.0,1.0,0.0,0.0,0.0,0.0,0.0,0.0,0.0
fashion_mnist,20,2,mixed_maturity,access_full,dirichlet_lcb,diverse_then_repeat_backdoor,0.5,31,5,0.82584,0.02324360513714927,0.6829333333333334,0.18295716032044082,0.10381999954466666,0.03892949916260288,2.0,0.0,2.0,0.0,1.0,0.0,0.0,0.0,1.0,0.0,0.0,0.0,0.0,0.0,0.0,0.0
fashion_mnist,20,2,mixed_maturity,access_full,dirichlet_lcb,diverse_then_repeat_backdoor,0.5,32,5,0.8302800000000001,0.019676829238604983,0.6711555555555556,0.17876399312778987,0.10381999954466666,0.0389294991626029,2.0,0.0,2.0,0.0,1.0,0.0,0.0,0.0,1.0,0.0,0.0,0.0,0.0,0.0,0.0,0.0
fashion_mnist,20,2,mixed_maturity,access_full,dirichlet_lcb,diverse_then_repeat_backdoor,0.5,33,5,0.83628,0.002893902997588697,0.7008888888888889,0.15381309128508125,0.10381999954466663,0.038929499162602854,2.0,0.0,2.0,0.0,1.0,0.0,0.0,0.0,1.0,0.0,0.0,0.0,0.0,0.0,0.0,0.0
fashion_mnist,20,2,mixed_maturity,access_full,dirichlet_lcb,diverse_then_repeat_backdoor,0.5,34,5,0.8382800000000001,0.00494363184180103,0.7133777777777778,0.1658110837147027,0.10381999954466666,0.038929499162602875,2.0,0.0,2.0,0.0,1.0,0.0,0.0,0.0,1.0,0.0,0.0,0.0,0.0,0.0,0.0,0.0
fashion_mnist,20,2,mixed_maturity,access_full,dirichlet_lcb,diverse_then_repeat_backdoor,0.5,35,5,0.8385999999999999,0.004528244929659882,0.7203111111111111,0.14367718500623794,0.10381999954466666,0.038929499162602896,2.0,0.0,2.0,0.0,1.0,0.0,0.0,0.0,1.0,0.0,0.0,0.0,0.0,0.0,0.0,0.0
fashion_mnist,20,2,mixed_maturity,access_full,dirichlet_lcb,diverse_then_repeat_backdoor,0.5,36,5,0.83816,0.002773111369628619,0.7143111111111111,0.155178577214509,0.10381999954466663,0.03892949916260288,2.0,0.0,2.0,0.0,1.0,0.0,0.0,0.0,1.0,0.0,0.0,0.0,0.0,0.0,0.0,0.0
fashion_mnist,20,2,mixed_maturity,access_full,dirichlet_lcb,diverse_then_repeat_backdoor,0.5,37,5,0.8386800000000001,0.004245692067498323,0.7236,0.15728317601031833,0.10381999954466663,0.03892949916260286,2.0,0.0,2.0,0.0,1.0,0.0,0.0,0.0,1.0,0.0,0.0,0.0,0.0,0.0,0.0,0.0
fashion_mnist,20,2,mixed_maturity,access_full,dirichlet_lcb,diverse_then_repeat_backdoor,0.5,38,5,0.83484,0.0075556044992887384,0.7208444444444444,0.18017431962800023,0.10381999954466666,0.038929499162602875,2.0,0.0,2.0,0.0,1.0,0.0,0.0,0.0,1.0,0.0,0.0,0.0,0.0,0.0,0.0,0.0
fashion_mnist,20,2,mixed_maturity,access_full,dirichlet_lcb,diverse_then_repeat_backdoor,0.5,39,5,0.83764,0.00600996159399969,0.7437333333333334,0.1386164950155057,0.10381999954466663,0.038929499162602854,2.0,0.0,2.0,0.0,1.0,0.0,0.0,0.0,1.0,0.0,0.0,0.0,0.0,0.0,0.0,0.0
fashion_mnist,20,2,mixed_maturity,access_full,dirichlet_lcb,diverse_then_repeat_backdoor,0.5,40,5,0.8385199999999999,0.005054655380544032,0.7450222222222223,0.1377548209056973,0.10381999954466663,0.03892949916260288,2.0,0.0,2.0,0.0,1.0,0.0,0.0,0.0,1.0,0.0,0.0,0.0,0.0,0.0,0.0,0.0
fashion_mnist,20,2,mixed_maturity,access_full,dirichlet_lcb,diverse_then_repeat_backdoor,0.5,41,5,0.83644,0.005811730340011481,0.7509333333333333,0.1345096235918418,0.10381999954466666,0.03892949916260289,2.0,0.0,2.0,0.0,1.0,0.0,0.0,0.0,1.0,0.0,0.0,0.0,0.0,0.0,0.0,0.0
fashion_mnist,20,2,mixed_maturity,access_full,dirichlet_lcb,diverse_then_repeat_backdoor,0.5,42,5,0.83392,0.004041039309279154,0.7521777777777777,0.14789590123478452,0.10381999954466663,0.038929499162602875,2.0,0.0,2.0,0.0,1.0,0.0,0.0,0.0,1.0,0.0,0.0,0.0,0.0,0.0,0.0,0.0
fashion_mnist,20,2,mixed_maturity,access_full,dirichlet_lcb,diverse_then_repeat_backdoor,0.5,43,5,0.83564,0.0056174833410899275,0.763288888888889,0.14461612331060772,0.10381999954466666,0.038929499162602875,2.0,0.0,2.0,0.0,1.0,0.0,0.0,0.0,1.0,0.0,0.0,0.0,0.0,0.0,0.0,0.0
fashion_mnist,20,2,mixed_maturity,access_full,dirichlet_lcb,diverse_then_repeat_backdoor,0.5,44,5,0.83528,0.0073700890900738805,0.7634666666666667,0.15619379780170725,0.10381999954466663,0.038929499162602875,2.0,0.0,2.0,0.0,1.0,0.0,0.0,0.0,1.0,0.0,0.0,0.0,0.0,0.0,0.0,0.0
fashion_mnist,20,2,mixed_maturity,access_full,dirichlet_lcb,diverse_then_repeat_backdoor,0.5,45,5,0.8404400000000001,0.0022583270654429576,0.7778222222222222,0.14545785434568267,0.10381999954466666,0.03892949916260288,2.0,0.0,2.0,0.0,1.0,0.0,0.0,0.0,1.0,0.0,0.0,0.0,0.0,0.0,0.0,0.0
fashion_mnist,20,2,mixed_maturity,access_full,dirichlet_lcb,diverse_then_repeat_backdoor,0.5,46,5,0.8407200000000001,0.001991313193339441,0.784,0.1312624690249428,0.10381999954466666,0.03892949916260289,2.0,0.0,2.0,0.0,1.0,0.0,0.0,0.0,1.0,0.0,0.0,0.0,0.0,0.0,0.0,0.0
fashion_mnist,20,2,mixed_maturity,access_full,dirichlet_lcb,diverse_then_repeat_backdoor,0.5,47,5,0.8371999999999999,0.0029903228938904024,0.7852888888888889,0.14587350607056343,0.10381999954466666,0.03892949916260288,2.0,0.0,2.0,0.0,1.0,0.0,0.0,0.0,1.0,0.0,0.0,0.0,0.0,0.0,0.0,0.0
fashion_mnist,20,2,mixed_maturity,access_full,dirichlet_lcb,diverse_then_repeat_backdoor,0.5,48,5,0.8412400000000002,0.0038687349140124044,0.7869333333333332,0.1302626810235486,0.10381999954466663,0.03892949916260288,2.0,0.0,2.0,0.0,1.0,0.0,0.0,0.0,1.0,0.0,0.0,0.0,0.0,0.0,0.0,0.0
fashion_mnist,20,2,mixed_maturity,access_full,dirichlet_lcb,diverse_then_repeat_backdoor,0.5,49,5,0.83904,0.004089582062650748,0.7991111111111111,0.1282202488341779,0.10381999954466666,0.038929499162602875,2.0,0.0,2.0,0.0,1.0,0.0,0.0,0.0,1.0,0.0,0.0,0.0,0.0,0.0,0.0,0.0
fashion_mnist,20,2,mixed_maturity,access_full,dirichlet_lcb,diverse_then_repeat_backdoor,0.5,50,5,0.8362400000000001,0.005441832406187688,0.7944444444444445,0.12102054905428156,0.10381999954466666,0.03892949916260288,2.0,0.0,2.0,0.0,1.0,0.0,0.0,0.0,1.0,0.0,0.0,0.0,0.0,0.0,0.0,0.0
fashion_mnist,20,2,mixed_maturity,access_no_limited,dirichlet_lcb,benign_concept_drift,0.5,1,5,0.75804,0.01077661350348736,0.0324,0.02129939833255015,0.10381999954466663,0.03892949916260288,2.0,0.0,2.0,0.0,1.0,0.0,0.0,0.0,1.0,0.0,0.0,0.0,0.0,0.0,0.0,0.0
fashion_mnist,20,2,mixed_maturity,access_no_limited,dirichlet_lcb,benign_concept_drift,0.5,2,5,0.79312,0.010663284340955943,0.026000000000000002,0.022313302198149133,0.10381999954466666,0.03892949916260289,2.0,0.0,2.0,0.0,1.0,0.0,0.0,0.0,1.0,0.0,0.0,0.0,0.0,0.0,0.0,0.0
fashion_mnist,20,2,mixed_maturity,access_no_limited,dirichlet_lcb,benign_concept_drift,0.5,3,5,0.8061999999999999,0.0070654936632918355,0.018444444444444444,0.011206441676143063,0.10381999954466663,0.038929499162602854,2.0,0.0,2.0,0.0,1.0,0.0,0.0,0.0,1.0,0.0,0.0,0.0,0.0,0.0,0.0,0.0
fashion_mnist,20,2,mixed_maturity,access_no_limited,dirichlet_lcb,benign_concept_drift,0.5,4,5,0.8031599999999999,0.021238915847848077,0.02053333333333333,0.009555545660675301,0.10381999954466663,0.038929499162602875,2.0,0.0,2.0,0.0,1.0,0.0,0.0,0.0,1.0,0.0,0.0,0.0,0.0,0.0,0.0,0.0
fashion_mnist,20,2,mixed_maturity,access_no_limited,dirichlet_lcb,benign_concept_drift,0.5,5,5,0.8177199999999999,0.005814912815566227,0.02168888888888889,0.008027008921821047,0.10381999954466663,0.038929499162602854,2.0,0.0,2.0,0.0,1.0,0.0,0.0,0.0,1.0,0.0,0.0,0.0,0.0,0.0,0.0,0.0
fashion_mnist,20,2,mixed_maturity,access_no_limited,dirichlet_lcb,benign_concept_drift,0.5,6,5,0.81556,0.014118325735854035,0.015866666666666668,0.00412321457881276,0.10381999954466666,0.03892949916260288,2.0,0.0,2.0,0.0,1.0,0.0,0.0,0.0,1.0,0.0,0.0,0.0,0.0,0.0,0.0,0.0
fashion_mnist,20,2,mixed_maturity,access_no_limited,dirichlet_lcb,benign_concept_drift,0.5,7,5,0.81572,0.015750643631276245,0.020622222222222222,0.0097757039438695,0.10381999954466666,0.03892949916260289,2.0,0.0,2.0,0.0,1.0,0.0,0.0,0.0,1.0,0.0,0.0,0.0,0.0,0.0,0.0,0.0
fashion_mnist,20,2,mixed_maturity,access_no_limited,dirichlet_lcb,benign_concept_drift,0.5,8,5,0.8185199999999998,0.007181499475271946,0.019066666666666666,0.009746454569638359,0.10381999954466666,0.03892949916260289,2.0,0.0,2.0,0.0,1.0,0.0,0.0,0.0,1.0,0.0,0.0,0.0,0.0,0.0,0.0,0.0
fashion_mnist,20,2,mixed_maturity,access_no_limited,dirichlet_lcb,benign_concept_drift,0.5,9,5,0.82004,0.0048070200241643515,0.017555555555555553,0.008020841415015847,0.10381999954466663,0.038929499162602896,2.0,0.0,2.0,0.0,1.0,0.0,0.0,0.0,1.0,0.0,0.0,0.0,0.0,0.0,0.0,0.0
fashion_mnist,20,2,mixed_maturity,access_no_limited,dirichlet_lcb,benign_concept_drift,0.5,10,5,0.8216800000000001,0.013814983761742942,0.01795555555555555,0.004972018312869945,0.10381999954466663,0.03892949916260286,2.0,0.0,2.0,0.0,1.0,0.0,0.0,0.0,1.0,0.0,0.0,0.0,0.0,0.0,0.0,0.0
fashion_mnist,20,2,mixed_maturity,access_no_limited,dirichlet_lcb,benign_concept_drift,0.5,11,5,0.82696,0.009376659801783326,0.019422222222222223,0.007590705407518935,0.10381999954466666,0.03892949916260288,2.0,0.0,2.0,0.0,1.0,0.0,0.0,0.0,1.0,0.0,0.0,0.0,0.0,0.0,0.0,0.0
fashion_mnist,20,2,mixed_maturity,access_no_limited,dirichlet_lcb,benign_concept_drift,0.5,12,5,0.82684,0.005534535337023503,0.02053333333333333,0.011086225257295922,0.10381999954466666,0.03892949916260288,2.0,0.0,2.0,0.0,1.0,0.0,0.0,0.0,1.0,0.0,0.0,0.0,0.0,0.0,0.0,0.0
fashion_mnist,20,2,mixed_maturity,access_no_limited,dirichlet_lcb,benign_concept_drift,0.5,13,5,0.81944,0.018407977616378125,0.0188,0.010911442782376995,0.10381999954466663,0.038929499162602875,2.0,0.0,2.0,0.0,1.0,0.0,0.0,0.0,1.0,0.0,0.0,0.0,0.0,0.0,0.0,0.0
fashion_mnist,20,2,mixed_maturity,access_no_limited,dirichlet_lcb,benign_concept_drift,0.5,14,5,0.8314799999999998,0.002239130251544958,0.02031111111111111,0.006603787348366696,0.10381999954466666,0.038929499162602875,2.0,0.0,2.0,0.0,1.0,0.0,0.0,0.0,1.0,0.0,0.0,0.0,0.0,0.0,0.0,0.0
fashion_mnist,20,2,mixed_maturity,access_no_limited,dirichlet_lcb,benign_concept_drift,0.5,15,5,0.82772,0.004893479575133658,0.018355555555555556,0.007540388629917483,0.10381999954466666,0.03892949916260288,2.0,0.0,2.0,0.0,1.0,0.0,0.0,0.0,1.0,0.0,0.0,0.0,0.0,0.0,0.0,0.0
fashion_mnist,20,2,mixed_maturity,access_no_limited,dirichlet_lcb,benign_concept_drift,0.5,16,5,0.82996,0.003651421172830804,0.019777777777777776,0.007034743284629588,0.10381999954466666,0.03892949916260289,2.0,0.0,2.0,0.0,1.0,0.0,0.0,0.0,1.0,0.0,0.0,0.0,0.0,0.0,0.0,0.0
fashion_mnist,20,2,mixed_maturity,access_no_limited,dirichlet_lcb,benign_concept_drift,0.5,17,5,0.83188,0.005204927521157041,0.02168888888888889,0.007798491503915366,0.10381999954466663,0.03892949916260288,2.0,0.0,2.0,0.0,1.0,0.0,0.0,0.0,1.0,0.0,0.0,0.0,0.0,0.0,0.0,0.0
fashion_mnist,20,2,mixed_maturity,access_no_limited,dirichlet_lcb,benign_concept_drift,0.5,18,5,0.8326800000000001,0.004918619630522339,0.02022222222222222,0.0053003525610975325,0.10381999954466666,0.03892949916260288,2.0,0.0,2.0,0.0,1.0,0.0,0.0,0.0,1.0,0.0,0.0,0.0,0.0,0.0,0.0,0.0
fashion_mnist,20,2,mixed_maturity,access_no_limited,dirichlet_lcb,benign_concept_drift,0.5,19,5,0.82752,0.008558659431505194,0.021777777777777778,0.011721144457381079,0.10381999954466666,0.038929499162602875,2.0,0.0,2.0,0.0,1.0,0.0,0.0,0.0,1.0,0.0,0.0,0.0,0.0,0.0,0.0,0.0
fashion_mnist,20,2,mixed_maturity,access_no_limited,dirichlet_lcb,benign_concept_drift,0.5,20,5,0.82988,0.009641263095444321,0.022088888888888887,0.00662393229926076,0.10381999954466663,0.03892949916260288,2.0,0.0,2.0,0.0,1.0,0.0,0.0,0.0,1.0,0.0,0.0,0.0,0.0,0.0,0.0,0.0
fashion_mnist,20,2,mixed_maturity,access_no_limited,dirichlet_lcb,benign_concept_drift,0.5,21,5,0.82792,0.009227827636249679,0.01728888888888889,0.006871593436595844,0.10381999954466666,0.03892949916260289,2.0,0.0,2.0,0.0,1.0,0.0,0.0,0.0,1.0,0.0,0.0,0.0,0.0,0.0,0.0,0.0
fashion_mnist,20,2,mixed_maturity,access_no_limited,dirichlet_lcb,benign_concept_drift,0.5,22,5,0.8288800000000001,0.016792880141805376,0.018088888888888887,0.011457714313271106,0.10381999954466666,0.03892949916260288,2.0,0.0,2.0,0.0,1.0,0.0,0.0,0.0,1.0,0.0,0.0,0.0,0.0,0.0,0.0,0.0
fashion_mnist,20,2,mixed_maturity,access_no_limited,dirichlet_lcb,benign_concept_drift,0.5,23,5,0.82516,0.018102251751032705,0.016844444444444447,0.007773556606272995,0.10381999954466663,0.03892949916260288,2.0,0.0,2.0,0.0,1.0,0.0,0.0,0.0,1.0,0.0,0.0,0.0,0.0,0.0,0.0,0.0
fashion_mnist,20,2,mixed_maturity,access_no_limited,dirichlet_lcb,benign_concept_drift,0.5,24,5,0.834,0.0011243745715894553,0.02302222222222222,0.009064892616610011,0.10381999954466666,0.038929499162602875,2.0,0.0,2.0,0.0,1.0,0.0,0.0,0.0,1.0,0.0,0.0,0.0,0.0,0.0,0.0,0.0
fashion_mnist,20,2,mixed_maturity,access_no_limited,dirichlet_lcb,benign_concept_drift,0.5,25,5,0.8301999999999999,0.00557782224491829,0.019333333333333334,0.006485712845828508,0.10381999954466663,0.03892949916260288,2.0,0.0,2.0,0.0,1.0,0.0,0.0,0.0,1.0,0.0,0.0,0.0,0.0,0.0,0.0,0.0
fashion_mnist,20,2,mixed_maturity,access_no_limited,dirichlet_lcb,benign_concept_drift,0.5,26,5,0.8215999999999999,0.025004659068219935,0.015644444444444443,0.00858832835463117,0.10381999954466663,0.03892949916260286,2.0,0.0,2.0,0.0,1.0,0.0,0.0,0.0,1.0,0.0,0.0,0.0,0.0,0.0,0.0,0.0
fashion_mnist,20,2,mixed_maturity,access_no_limited,dirichlet_lcb,benign_concept_drift,0.5,27,5,0.8319599999999999,0.011603281967476717,0.019644444444444444,0.007650648734322808,0.10381999954466663,0.03892949916260288,2.0,0.0,2.0,0.0,1.0,0.0,0.0,0.0,1.0,0.0,0.0,0.0,0.0,0.0,0.0,0.0
fashion_mnist,20,2,mixed_maturity,access_no_limited,dirichlet_lcb,benign_concept_drift,0.5,28,5,0.83172,0.0033206097742254376,0.01791111111111111,0.007074135780640019,0.10381999954466666,0.03892949916260288,2.0,0.0,2.0,0.0,1.0,0.0,0.0,0.0,1.0,0.0,0.0,0.0,0.0,0.0,0.0,0.0
fashion_mnist,20,2,mixed_maturity,access_no_limited,dirichlet_lcb,benign_concept_drift,0.5,29,5,0.8313600000000001,0.005204335075930489,0.02053333333333333,0.010217809777162704,0.10381999954466663,0.03892949916260288,2.0,0.0,2.0,0.0,1.0,0.0,0.0,0.0,1.0,0.0,0.0,0.0,0.0,0.0,0.0,0.0
fashion_mnist,20,2,mixed_maturity,access_no_limited,dirichlet_lcb,benign_concept_drift,0.5,30,5,0.83316,0.0060889663032161,0.02222222222222222,0.012200143982293713,0.10381999954466663,0.03892949916260288,2.0,0.0,2.0,0.0,1.0,0.0,0.0,0.0,1.0,0.0,0.0,0.0,0.0,0.0,0.0,0.0
fashion_mnist,20,2,mixed_maturity,access_no_limited,dirichlet_lcb,benign_concept_drift,0.5,31,5,0.8171999999999999,0.03926211459291943,0.018222222222222223,0.007806785438228938,0.10381999954466663,0.03892949916260288,2.0,0.0,2.0,0.0,1.0,0.0,0.0,0.0,1.0,0.0,0.0,0.0,0.0,0.0,0.0,0.0
fashion_mnist,20,2,mixed_maturity,access_no_limited,dirichlet_lcb,benign_concept_drift,0.5,32,5,0.82416,0.029419524669990763,0.016355555555555557,0.008550569467435817,0.10381999954466663,0.038929499162602875,2.0,0.0,2.0,0.0,1.0,0.0,0.0,0.0,1.0,0.0,0.0,0.0,0.0,0.0,0.0,0.0
fashion_mnist,20,2,mixed_maturity,access_no_limited,dirichlet_lcb,benign_concept_drift,0.5,33,5,0.8341200000000001,0.00825608526880966,0.022133333333333335,0.010556803714079549,0.10381999954466666,0.03892949916260289,2.0,0.0,2.0,0.0,1.0,0.0,0.0,0.0,1.0,0.0,0.0,0.0,0.0,0.0,0.0,0.0
fashion_mnist,20,2,mixed_maturity,access_no_limited,dirichlet_lcb,benign_concept_drift,0.5,34,5,0.8321999999999999,0.013998350526820415,0.020133333333333333,0.008639151231720755,0.10381999954466666,0.03892949916260289,2.0,0.0,2.0,0.0,1.0,0.0,0.0,0.0,1.0,0.0,0.0,0.0,0.0,0.0,0.0,0.0
fashion_mnist,20,2,mixed_maturity,access_no_limited,dirichlet_lcb,benign_concept_drift,0.5,35,5,0.8326399999999999,0.006754013028227997,0.019777777777777776,0.008836075287330946,0.10381999954466663,0.03892949916260288,2.0,0.0,2.0,0.0,1.0,0.0,0.0,0.0,1.0,0.0,0.0,0.0,0.0,0.0,0.0,0.0
fashion_mnist,20,2,mixed_maturity,access_no_limited,dirichlet_lcb,benign_concept_drift,0.5,36,5,0.8337600000000001,0.002882158646247214,0.021333333333333333,0.005424582572478988,0.10381999954466666,0.03892949916260288,2.0,0.0,2.0,0.0,1.0,0.0,0.0,0.0,1.0,0.0,0.0,0.0,0.0,0.0,0.0,0.0
fashion_mnist,20,2,mixed_maturity,access_no_limited,dirichlet_lcb,benign_concept_drift,0.5,37,5,0.8334400000000001,0.0038766969206111292,0.019644444444444444,0.010197298431488127,0.10381999954466666,0.03892949916260286,2.0,0.0,2.0,0.0,1.0,0.0,0.0,0.0,1.0,0.0,0.0,0.0,0.0,0.0,0.0,0.0
fashion_mnist,20,2,mixed_maturity,access_no_limited,dirichlet_lcb,benign_concept_drift,0.5,38,5,0.83416,0.0087998857119976,0.017377777777777777,0.004033609361989296,0.10381999954466663,0.03892949916260288,2.0,0.0,2.0,0.0,1.0,0.0,0.0,0.0,1.0,0.0,0.0,0.0,0.0,0.0,0.0,0.0
fashion_mnist,20,2,mixed_maturity,access_no_limited,dirichlet_lcb,benign_concept_drift,0.5,39,5,0.8309599999999999,0.012200446641958037,0.020844444444444443,0.007412589121041486,0.10381999954466666,0.038929499162602875,2.0,0.0,2.0,0.0,1.0,0.0,0.0,0.0,1.0,0.0,0.0,0.0,0.0,0.0,0.0,0.0
fashion_mnist,20,2,mixed_maturity,access_no_limited,dirichlet_lcb,benign_concept_drift,0.5,40,5,0.83668,0.00856046060993106,0.02351111111111111,0.009255639631168527,0.10381999954466666,0.03892949916260289,2.0,0.0,2.0,0.0,1.0,0.0,0.0,0.0,1.0,0.0,0.0,0.0,0.0,0.0,0.0,0.0
fashion_mnist,20,2,mixed_maturity,access_no_limited,dirichlet_lcb,benign_concept_drift,0.5,41,5,0.83292,0.008416980056336938,0.018133333333333335,0.01009034458302676,0.10381999954466663,0.038929499162602875,2.0,0.0,2.0,0.0,1.0,0.0,0.0,0.0,1.0,0.0,0.0,0.0,0.0,0.0,0.0,0.0
fashion_mnist,20,2,mixed_maturity,access_no_limited,dirichlet_lcb,benign_concept_drift,0.5,42,5,0.83036,0.005658501385769361,0.018488888888888888,0.0094530102224512,0.10381999954466663,0.038929499162602896,2.0,0.0,2.0,0.0,1.0,0.0,0.0,0.0,1.0,0.0,0.0,0.0,0.0,0.0,0.0,0.0
fashion_mnist,20,2,mixed_maturity,access_no_limited,dirichlet_lcb,benign_concept_drift,0.5,43,5,0.83084,0.007022595157640655,0.017466666666666665,0.0069355576498492996,0.10381999954466666,0.03892949916260288,2.0,0.0,2.0,0.0,1.0,0.0,0.0,0.0,1.0,0.0,0.0,0.0,0.0,0.0,0.0,0.0
fashion_mnist,20,2,mixed_maturity,access_no_limited,dirichlet_lcb,benign_concept_drift,0.5,44,5,0.83504,0.006689792483641726,0.019688888888888888,0.01157341500646878,0.10381999954466663,0.03892949916260288,2.0,0.0,2.0,0.0,1.0,0.0,0.0,0.0,1.0,0.0,0.0,0.0,0.0,0.0,0.0,0.0
fashion_mnist,20,2,mixed_maturity,access_no_limited,dirichlet_lcb,benign_concept_drift,0.5,45,5,0.83504,0.0026884247847081292,0.020755555555555555,0.008207561246872042,0.10381999954466663,0.03892949916260288,2.0,0.0,2.0,0.0,1.0,0.0,0.0,0.0,1.0,0.0,0.0,0.0,0.0,0.0,0.0,0.0
fashion_mnist,20,2,mixed_maturity,access_no_limited,dirichlet_lcb,benign_concept_drift,0.5,46,5,0.8364,0.003926486322955087,0.021377777777777777,0.0035518353841494034,0.10381999954466666,0.038929499162602875,2.0,0.0,2.0,0.0,1.0,0.0,0.0,0.0,1.0,0.0,0.0,0.0,0.0,0.0,0.0,0.0
fashion_mnist,20,2,mixed_maturity,access_no_limited,dirichlet_lcb,benign_concept_drift,0.5,47,5,0.8314,0.0023493385354772973,0.021733333333333334,0.012001007500311656,0.10381999954466663,0.03892949916260288,2.0,0.0,2.0,0.0,1.0,0.0,0.0,0.0,1.0,0.0,0.0,0.0,0.0,0.0,0.0,0.0
fashion_mnist,20,2,mixed_maturity,access_no_limited,dirichlet_lcb,benign_concept_drift,0.5,48,5,0.8358400000000001,0.007739063703791628,0.0184,0.010076753870296726,0.10381999954466663,0.038929499162602875,2.0,0.0,2.0,0.0,1.0,0.0,0.0,0.0,1.0,0.0,0.0,0.0,0.0,0.0,0.0,0.0
fashion_mnist,20,2,mixed_maturity,access_no_limited,dirichlet_lcb,benign_concept_drift,0.5,49,5,0.8356399999999999,0.002435687799392049,0.020577777777777778,0.0074566236773645845,0.10381999954466666,0.03892949916260288,2.0,0.0,2.0,0.0,1.0,0.0,0.0,0.0,1.0,0.0,0.0,0.0,0.0,0.0,0.0,0.0
fashion_mnist,20,2,mixed_maturity,access_no_limited,dirichlet_lcb,benign_concept_drift,0.5,50,5,0.8356000000000001,0.006688870580173776,0.018355555555555556,0.009181723817051238,0.10381999954466666,0.038929499162602896,2.0,0.0,2.0,0.0,1.0,0.0,0.0,0.0,1.0,0.0,0.0,0.0,0.0,0.0,0.0,0.0
fashion_mnist,20,2,mixed_maturity,access_no_limited,dirichlet_lcb,diverse_then_repeat_backdoor,0.5,1,5,0.75804,0.01077661350348736,0.0324,0.02129939833255015,0.10381999954466666,0.03892949916260288,2.0,0.0,2.0,0.0,1.0,0.0,0.0,0.0,1.0,0.0,0.0,0.0,0.0,0.0,0.0,0.0
fashion_mnist,20,2,mixed_maturity,access_no_limited,dirichlet_lcb,diverse_then_repeat_backdoor,0.5,2,5,0.7924399999999999,0.008110641999366522,0.05511111111111111,0.03365271150521355,0.10381999954466666,0.03892949916260288,2.0,0.0,2.0,0.0,1.0,0.0,0.0,0.0,1.0,0.0,0.0,0.0,0.0,0.0,0.0,0.0
fashion_mnist,20,2,mixed_maturity,access_no_limited,dirichlet_lcb,diverse_then_repeat_backdoor,0.5,3,5,0.8058799999999999,0.007027423343262674,0.06911111111111111,0.035771992844701096,0.10381999954466663,0.03892949916260288,2.0,0.0,2.0,0.0,1.0,0.0,0.0,0.0,1.0,0.0,0.0,0.0,0.0,0.0,0.0,0.0
fashion_mnist,20,2,mixed_maturity,access_no_limited,dirichlet_lcb,diverse_then_repeat_backdoor,0.5,4,5,0.80948,0.011686954200521944,0.10435555555555556,0.03624591974483635,0.10381999954466666,0.03892949916260288,2.0,0.0,2.0,0.0,1.0,0.0,0.0,0.0,1.0,0.0,0.0,0.0,0.0,0.0,0.0,0.0
fashion_mnist,20,2,mixed_maturity,access_no_limited,dirichlet_lcb,diverse_then_repeat_backdoor,0.5,5,5,0.8192799999999998,0.006522223542208668,0.1295111111111111,0.04856771840172533,0.10381999954466666,0.03892949916260289,2.0,0.0,2.0,0.0,1.0,0.0,0.0,0.0,1.0,0.0,0.0,0.0,0.0,0.0,0.0,0.0
fashion_mnist,20,2,mixed_maturity,access_no_limited,dirichlet_lcb,diverse_then_repeat_backdoor,0.5,6,5,0.82032,0.005618032218255855,0.1634222222222222,0.09381047422632087,0.10381999954466666,0.038929499162602875,2.0,0.0,2.0,0.0,1.0,0.0,0.0,0.0,1.0,0.0,0.0,0.0,0.0,0.0,0.0,0.0
fashion_mnist,20,2,mixed_maturity,access_no_limited,dirichlet_lcb,diverse_then_repeat_backdoor,0.5,7,5,0.8224,0.0028960332172349662,0.20302222222222222,0.11195015403249126,0.10381999954466663,0.03892949916260288,2.0,0.0,2.0,0.0,1.0,0.0,0.0,0.0,1.0,0.0,0.0,0.0,0.0,0.0,0.0,0.0
fashion_mnist,20,2,mixed_maturity,access_no_limited,dirichlet_lcb,diverse_then_repeat_backdoor,0.5,8,5,0.8221999999999999,0.009228495907796114,0.24053333333333332,0.13425612021738645,0.10381999954466666,0.038929499162602875,2.0,0.0,2.0,0.0,1.0,0.0,0.0,0.0,1.0,0.0,0.0,0.0,0.0,0.0,0.0,0.0
fashion_mnist,20,2,mixed_maturity,access_no_limited,dirichlet_lcb,diverse_then_repeat_backdoor,0.5,9,5,0.8238399999999999,0.005333087804345943,0.2617777777777778,0.13058922493748462,0.10381999954466663,0.03892949916260288,2.0,0.0,2.0,0.0,1.0,0.0,0.0,0.0,1.0,0.0,0.0,0.0,0.0,0.0,0.0,0.0
fashion_mnist,20,2,mixed_maturity,access_no_limited,dirichlet_lcb,diverse_then_repeat_backdoor,0.5,10,5,0.8288399999999999,0.002849882615829209,0.30964444444444444,0.17582361894709053,0.10381999954466663,0.038929499162602875,2.0,0.0,2.0,0.0,1.0,0.0,0.0,0.0,1.0,0.0,0.0,0.0,0.0,0.0,0.0,0.0
fashion_mnist,20,2,mixed_maturity,access_no_limited,dirichlet_lcb,diverse_then_repeat_backdoor,0.5,11,5,0.82792,0.009152335567948873,0.3228888888888889,0.15750322183132576,0.10381999954466663,0.03892949916260289,2.0,0.0,2.0,0.0,1.0,0.0,0.0,0.0,1.0,0.0,0.0,0.0,0.0,0.0,0.0,0.0
fashion_mnist,20,2,mixed_maturity,access_no_limited,dirichlet_lcb,diverse_then_repeat_backdoor,0.5,12,5,0.8278800000000001,0.005650867285791219,0.36666666666666664,0.20105851823745705,0.10381999954466666,0.03892949916260288,2.0,0.0,2.0,0.0,1.0,0.0,0.0,0.0,1.0,0.0,0.0,0.0,0.0,0.0,0.0,0.0
fashion_mnist,20,2,mixed_maturity,access_no_limited,dirichlet_lcb,diverse_then_repeat_backdoor,0.5,13,5,0.8261200000000001,0.008389459721784401,0.38031111111111116,0.19792345508952047,0.10381999954466666,0.0389294991626029,2.0,0.0,2.0,0.0,1.0,0.0,0.0,0.0,1.0,0.0,0.0,0.0,0.0,0.0,0.0,0.0
fashion_mnist,20,2,mixed_maturity,access_no_limited,dirichlet_lcb,diverse_then_repeat_backdoor,0.5,14,5,0.83224,0.0036975744844388184,0.41631111111111113,0.16967451709110526,0.10381999954466666,0.038929499162602875,2.0,0.0,2.0,0.0,1.0,0.0,0.0,0.0,1.0,0.0,0.0,0.0,0.0,0.0,0.0,0.0
fashion_mnist,20,2,mixed_maturity,access_no_limited,dirichlet_lcb,diverse_then_repeat_backdoor,0.5,15,5,0.8282800000000001,0.003264419427159585,0.422,0.1868415917929247,0.10381999954466663,0.03892949916260288,2.0,0.0,2.0,0.0,1.0,0.0,0.0,0.0,1.0,0.0,0.0,0.0,0.0,0.0,0.0,0.0
fashion_mnist,20,2,mixed_maturity,access_no_limited,dirichlet_lcb,diverse_then_repeat_backdoor,0.5,16,5,0.8313599999999999,0.003319681062202214,0.4548444444444444,0.2022300606194369,0.10381999954466666,0.03892949916260289,2.0,0.0,2.0,0.0,1.0,0.0,0.0,0.0,1.0,0.0,0.0,0.0,0.0,0.0,0.0,0.0
fashion_mnist,20,2,mixed_maturity,access_no_limited,dirichlet_lcb,diverse_then_repeat_backdoor,0.5,17,5,0.8319199999999999,0.007262619990162133,0.5114666666666666,0.17581452533422479,0.10381999954466666,0.03892949916260288,2.0,0.0,2.0,0.0,1.0,0.0,0.0,0.0,1.0,0.0,0.0,0.0,0.0,0.0,0.0,0.0
fashion_mnist,20,2,mixed_maturity,access_no_limited,dirichlet_lcb,diverse_then_repeat_backdoor,0.5,18,5,0.8344400000000001,0.002153490721870338,0.5098666666666667,0.17915232878876763,0.10381999954466663,0.03892949916260288,2.0,0.0,2.0,0.0,1.0,0.0,0.0,0.0,1.0,0.0,0.0,0.0,0.0,0.0,0.0,0.0
fashion_mnist,20,2,mixed_maturity,access_no_limited,dirichlet_lcb,diverse_then_repeat_backdoor,0.5,19,5,0.83392,0.003698408304380501,0.5455111111111112,0.1842015401223286,0.10381999954466666,0.03892949916260289,2.0,0.0,2.0,0.0,1.0,0.0,0.0,0.0,1.0,0.0,0.0,0.0,0.0,0.0,0.0,0.0
fashion_mnist,20,2,mixed_maturity,access_no_limited,dirichlet_lcb,diverse_then_repeat_backdoor,0.5,20,5,0.8342,0.002164915156001161,0.5566666666666666,0.19503881260617645,0.10381999954466666,0.038929499162602875,2.0,0.0,2.0,0.0,1.0,0.0,0.0,0.0,1.0,0.0,0.0,0.0,0.0,0.0,0.0,0.0
fashion_mnist,20,2,mixed_maturity,access_no_limited,dirichlet_lcb,diverse_then_repeat_backdoor,0.5,21,5,0.8298,0.006672716651446668,0.558711111111111,0.20087765993003262,0.10381999954466666,0.038929499162602875,2.0,0.0,2.0,0.0,1.0,0.0,0.0,0.0,1.0,0.0,0.0,0.0,0.0,0.0,0.0,0.0
fashion_mnist,20,2,mixed_maturity,access_no_limited,dirichlet_lcb,diverse_then_repeat_backdoor,0.5,22,5,0.83232,0.006274028785127096,0.5689777777777778,0.18955122483105552,0.10381999954466663,0.03892949916260288,2.0,0.0,2.0,0.0,1.0,0.0,0.0,0.0,1.0,0.0,0.0,0.0,0.0,0.0,0.0,0.0
fashion_mnist,20,2,mixed_maturity,access_no_limited,dirichlet_lcb,diverse_then_repeat_backdoor,0.5,23,5,0.8302800000000001,0.010708011263368499,0.5909333333333333,0.16453809581261944,0.10381999954466663,0.038929499162602896,2.0,0.0,2.0,0.0,1.0,0.0,0.0,0.0,1.0,0.0,0.0,0.0,0.0,0.0,0.0,0.0
fashion_mnist,20,2,mixed_maturity,access_no_limited,dirichlet_lcb,diverse_then_repeat_backdoor,0.5,24,5,0.8348800000000001,0.004370939460930894,0.6129777777777778,0.16878068658646442,0.10381999954466666,0.03892949916260288,2.0,0.0,2.0,0.0,1.0,0.0,0.0,0.0,1.0,0.0,0.0,0.0,0.0,0.0,0.0,0.0
fashion_mnist,20,2,mixed_maturity,access_no_limited,dirichlet_lcb,diverse_then_repeat_backdoor,0.5,25,5,0.8341200000000001,0.0038495589103678626,0.6331111111111112,0.15402553955344075,0.10381999954466666,0.03892949916260289,2.0,0.0,2.0,0.0,1.0,0.0,0.0,0.0,1.0,0.0,0.0,0.0,0.0,0.0,0.0,0.0
fashion_mnist,20,2,mixed_maturity,access_no_limited,dirichlet_lcb,diverse_then_repeat_backdoor,0.5,26,5,0.82704,0.012799863626303863,0.6078222222222223,0.1870451613184151,0.10381999954466666,0.03892949916260289,2.0,0.0,2.0,0.0,1.0,0.0,0.0,0.0,1.0,0.0,0.0,0.0,0.0,0.0,0.0,0.0
fashion_mnist,20,2,mixed_maturity,access_no_limited,dirichlet_lcb,diverse_then_repeat_backdoor,0.5,27,5,0.8366,0.004737887851498688,0.6520444444444444,0.18596000044371627,0.10381999954466666,0.03892949916260288,2.0,0.0,2.0,0.0,1.0,0.0,0.0,0.0,1.0,0.0,0.0,0.0,0.0,0.0,0.0,0.0
fashion_mnist,20,2,mixed_maturity,access_no_limited,dirichlet_lcb,diverse_then_repeat_backdoor,0.5,28,5,0.83596,0.004800601247066806,0.6587111111111111,0.1792577758979354,0.10381999954466666,0.03892949916260289,2.0,0.0,2.0,0.0,1.0,0.0,0.0,0.0,1.0,0.0,0.0,0.0,0.0,0.0,0.0,0.0
fashion_mnist,20,2,mixed_maturity,access_no_limited,dirichlet_lcb,diverse_then_repeat_backdoor,0.5,29,5,0.83604,0.005806422337862827,0.6626666666666667,0.1680379614067495,0.10381999954466663,0.03892949916260286,2.0,0.0,2.0,0.0,1.0,0.0,0.0,0.0,1.0,0.0,0.0,0.0,0.0,0.0,0.0,0.0
fashion_mnist,20,2,mixed_maturity,access_no_limited,dirichlet_lcb,diverse_then_repeat_backdoor,0.5,30,5,0.8358000000000001,0.006556174038725454,0.6821777777777778,0.16158454655727472,0.10381999954466666,0.03892949916260288,2.0,0.0,2.0,0.0,1.0,0.0,0.0,0.0,1.0,0.0,0.0,0.0,0.0,0.0,0.0,0.0
fashion_mnist,20,2,mixed_maturity,access_no_limited,dirichlet_lcb,diverse_then_repeat_backdoor,0.5,31,5,0.82588,0.02340897251294532,0.6976444444444445,0.17637118359042522,0.10381999954466666,0.038929499162602875,2.0,0.0,2.0,0.0,1.0,0.0,0.0,0.0,1.0,0.0,0.0,0.0,0.0,0.0,0.0,0.0
fashion_mnist,20,2,mixed_maturity,access_no_limited,dirichlet_lcb,diverse_then_repeat_backdoor,0.5,32,5,0.8301200000000002,0.019673694887500516,0.6852,0.17595012294405932,0.10381999954466666,0.038929499162602875,2.0,0.0,2.0,0.0,1.0,0.0,0.0,0.0,1.0,0.0,0.0,0.0,0.0,0.0,0.0,0.0
fashion_mnist,20,2,mixed_maturity,access_no_limited,dirichlet_lcb,diverse_then_repeat_backdoor,0.5,33,5,0.8362,0.0028960332172349693,0.7125333333333334,0.1522621141718697,0.10381999954466663,0.03892949916260288,2.0,0.0,2.0,0.0,1.0,0.0,0.0,0.0,1.0,0.0,0.0,0.0,0.0,0.0,0.0,0.0
fashion_mnist,20,2,mixed_maturity,access_no_limited,dirichlet_lcb,diverse_then_repeat_backdoor,0.5,34,5,0.8382800000000001,0.004928014086711353,0.7251111111111112,0.16111570572949785,0.10381999954466666,0.038929499162602875,2.0,0.0,2.0,0.0,1.0,0.0,0.0,0.0,1.0,0.0,0.0,0.0,0.0,0.0,0.0,0.0
fashion_mnist,20,2,mixed_maturity,access_no_limited,dirichlet_lcb,diverse_then_repeat_backdoor,0.5,35,5,0.83856,0.004556754623235218,0.7307111111111111,0.14045838074217165,0.10381999954466663,0.03892949916260287,2.0,0.0,2.0,0.0,1.0,0.0,0.0,0.0,1.0,0.0,0.0,0.0,0.0,0.0,0.0,0.0
fashion_mnist,20,2,mixed_maturity,access_no_limited,dirichlet_lcb,diverse_then_repeat_backdoor,0.5,36,5,0.83804,0.0027112665272502755,0.7253333333333334,0.1512603196160915,0.10381999954466663,0.03892949916260288,2.0,0.0,2.0,0.0,1.0,0.0,0.0,0.0,1.0,0.0,0.0,0.0,0.0,0.0,0.0,0.0
fashion_mnist,20,2,mixed_maturity,access_no_limited,dirichlet_lcb,diverse_then_repeat_backdoor,0.5,37,5,0.8387600000000001,0.004119630828686508,0.7328888888888889,0.15354916291733783,0.10381999954466666,0.03892949916260289,2.0,0.0,2.0,0.0,1.0,0.0,0.0,0.0,1.0,0.0,0.0,0.0,0.0,0.0,0.0,0.0
fashion_mnist,20,2,mixed_maturity,access_no_limited,dirichlet_lcb,diverse_then_repeat_backdoor,0.5,38,5,0.83476,0.007559684419937756,0.7307111111111111,0.17665809951667982,0.10381999954466666,0.03892949916260289,2.0,0.0,2.0,0.0,1.0,0.0,0.0,0.0,1.0,0.0,0.0,0.0,0.0,0.0,0.0,0.0
fashion_mnist,20,2,mixed_maturity,access_no_limited,dirichlet_lcb,diverse_then_repeat_backdoor,0.5,39,5,0.83776,0.006076293088163056,0.7531555555555556,0.13552602980403114,0.10381999954466663,0.03892949916260288,2.0,0.0,2.0,0.0,1.0,0.0,0.0,0.0,1.0,0.0,0.0,0.0,0.0,0.0,0.0,0.0
fashion_mnist,20,2,mixed_maturity,access_no_limited,dirichlet_lcb,diverse_then_repeat_backdoor,0.5,40,5,0.83872,0.004909207196757246,0.754,0.13515187848359095,0.10381999954466663,0.038929499162602875,2.0,0.0,2.0,0.0,1.0,0.0,0.0,0.0,1.0,0.0,0.0,0.0,0.0,0.0,0.0,0.0
fashion_mnist,20,2,mixed_maturity,access_no_limited,dirichlet_lcb,diverse_then_repeat_backdoor,0.5,41,5,0.8366,0.005725134831521031,0.7587555555555555,0.13225023777812414,0.10381999954466663,0.038929499162602875,2.0,0.0,2.0,0.0,1.0,0.0,0.0,0.0,1.0,0.0,0.0,0.0,0.0,0.0,0.0,0.0
fashion_mnist,20,2,mixed_maturity,access_no_limited,dirichlet_lcb,diverse_then_repeat_backdoor,0.5,42,5,0.8338800000000001,0.004071446354386727,0.7602666666666666,0.14468099511326588,0.10381999954466663,0.03892949916260288,2.0,0.0,2.0,0.0,1.0,0.0,0.0,0.0,1.0,0.0,0.0,0.0,0.0,0.0,0.0,0.0
fashion_mnist,20,2,mixed_maturity,access_no_limited,dirichlet_lcb,diverse_then_repeat_backdoor,0.5,43,5,0.8358400000000001,0.005503807855492946,0.7714222222222223,0.1419334272352785,0.10381999954466663,0.03892949916260288,2.0,0.0,2.0,0.0,1.0,0.0,0.0,0.0,1.0,0.0,0.0,0.0,0.0,0.0,0.0,0.0
fashion_mnist,20,2,mixed_maturity,access_no_limited,dirichlet_lcb,diverse_then_repeat_backdoor,0.5,44,5,0.83532,0.00732813219052795,0.7709333333333334,0.15324422013066577,0.10381999954466666,0.038929499162602875,2.0,0.0,2.0,0.0,1.0,0.0,0.0,0.0,1.0,0.0,0.0,0.0,0.0,0.0,0.0,0.0
fashion_mnist,20,2,mixed_maturity,access_no_limited,dirichlet_lcb,diverse_then_repeat_backdoor,0.5,45,5,0.84048,0.00243061872459593,0.784488888888889,0.14341647527359608,0.10381999954466663,0.03892949916260288,2.0,0.0,2.0,0.0,1.0,0.0,0.0,0.0,1.0,0.0,0.0,0.0,0.0,0.0,0.0,0.0
fashion_mnist,20,2,mixed_maturity,access_no_limited,dirichlet_lcb,diverse_then_repeat_backdoor,0.5,46,5,0.8407200000000001,0.002133350753639236,0.7906666666666666,0.12836979451932345,0.10381999954466666,0.03892949916260288,2.0,0.0,2.0,0.0,1.0,0.0,0.0,0.0,1.0,0.0,0.0,0.0,0.0,0.0,0.0,0.0
fashion_mnist,20,2,mixed_maturity,access_no_limited,dirichlet_lcb,diverse_then_repeat_backdoor,0.5,47,5,0.83728,0.0030596374670034767,0.7918222222222222,0.14428433532990045,0.10381999954466666,0.03892949916260288,2.0,0.0,2.0,0.0,1.0,0.0,0.0,0.0,1.0,0.0,0.0,0.0,0.0,0.0,0.0,0.0
fashion_mnist,20,2,mixed_maturity,access_no_limited,dirichlet_lcb,diverse_then_repeat_backdoor,0.5,48,5,0.8412,0.003894947769462899,0.7936888888888889,0.1275758016443064,0.10381999954466663,0.03892949916260288,2.0,0.0,2.0,0.0,1.0,0.0,0.0,0.0,1.0,0.0,0.0,0.0,0.0,0.0,0.0,0.0
fashion_mnist,20,2,mixed_maturity,access_no_limited,dirichlet_lcb,diverse_then_repeat_backdoor,0.5,49,5,0.8390000000000001,0.004247144330946797,0.8051111111111112,0.1248770201526641,0.10381999954466666,0.038929499162602875,2.0,0.0,2.0,0.0,1.0,0.0,0.0,0.0,1.0,0.0,0.0,0.0,0.0,0.0,0.0,0.0
fashion_mnist,20,2,mixed_maturity,access_no_limited,dirichlet_lcb,diverse_then_repeat_backdoor,0.5,50,5,0.83628,0.0053104911005754755,0.8009333333333333,0.11890163356506399,0.10381999954466666,0.038929499162602875,2.0,0.0,2.0,0.0,1.0,0.0,0.0,0.0,1.0,0.0,0.0,0.0,0.0,0.0,0.0,0.0
