dataset,client_count,attacker_count,cohort_mode,trust_estimator,attack_scenario,noniid_alpha,repeat,method_variant,control_variant,sustained_target_share_reduction,limited_returned_update_rate_increase,full_weight_aggregated_update_rate_reduction,asr_auc_reduction,round_8_asr_reduction,final_backdoor_asr_reduction,final_accuracy_difference,runtime_overhead_seconds,asr_ge_10pct_delay,asr_ge_20pct_delay,asr_ge_30pct_delay
cifar10,20,2,mixed_maturity,dirichlet_lcb,benign_concept_drift,0.5,0,access_freshness_lease,access_full,0.020276591166271785,0.42857142857142855,0.4285714285714286,-0.006562499999999992,-0.03222222222222222,-0.02111111111111111,-0.003500000000000003,-4.670524300000011,0.0,-38.0,nan
cifar10,20,2,mixed_maturity,dirichlet_lcb,benign_concept_drift,0.5,1,access_freshness_lease,access_full,0.005045354253493469,0.42857142857142855,0.4285714285714286,-0.013449074074074092,-0.1261111111111111,-0.04611111111111112,-0.009000000000000008,5.618393499999996,-5.0,3.0,3.0
cifar10,20,2,mixed_maturity,dirichlet_lcb,benign_concept_drift,0.5,2,access_freshness_lease,access_full,0.021292633176415457,0.42857142857142855,0.4285714285714286,-0.005607638888888891,-0.03611111111111111,-0.005555555555555564,0.0,0.32792190000000687,0.0,-3.0,21.0
cifar10,20,2,mixed_maturity,dirichlet_lcb,benign_concept_drift,0.5,3,access_freshness_lease,access_full,0.024718947033357086,0.42857142857142855,0.4285714285714286,0.00022569444444444503,0.04833333333333334,-0.016111111111111118,-0.026499999999999968,-0.4646098000000052,4.0,12.0,nan
cifar10,20,2,mixed_maturity,dirichlet_lcb,benign_concept_drift,0.5,4,access_freshness_lease,access_full,0.029031760670337983,0.42857142857142855,0.4285714285714286,0.006608796296296321,0.04722222222222222,-0.03555555555555556,-0.02849999999999997,-4.027298700000017,8.0,-6.0,nan
cifar10,20,2,mixed_maturity,dirichlet_lcb,benign_concept_drift,0.5,5,access_freshness_lease,access_full,0.025819952464552334,0.42857142857142855,0.4285714285714286,0.001278935185185237,-0.20833333333333334,-0.0005555555555555314,0.011999999999999955,0.3354556999999829,0.0,0.0,-12.0
cifar10,20,2,mixed_maturity,dirichlet_lcb,benign_concept_drift,0.5,6,access_freshness_lease,access_full,0.02364590868381354,0.42857142857142855,0.4285714285714286,-0.006197916666666664,-0.004444444444444445,0.008333333333333331,0.020000000000000018,-8.214894399999991,-1.0,0.0,nan
cifar10,20,2,mixed_maturity,dirichlet_lcb,benign_concept_drift,0.5,7,access_freshness_lease,access_full,0.02377140731112523,0.42857142857142855,0.4285714285714286,0.017071759259259245,0.13722222222222222,-0.013333333333333332,0.023499999999999965,-6.389509599999997,0.0,-7.0,nan
cifar10,20,2,mixed_maturity,dirichlet_lcb,benign_concept_drift,0.5,8,access_freshness_lease,access_full,0.023862199103052734,0.42857142857142855,0.4285714285714286,0.010787037037037053,-0.056666666666666664,-0.04833333333333333,0.034499999999999975,-5.8252162,1.0,34.0,nan
cifar10,20,2,mixed_maturity,dirichlet_lcb,benign_concept_drift,0.5,9,access_freshness_lease,access_full,0.0149157447222878,0.42857142857142855,0.4285714285714286,-0.007129629629629652,0.2894444444444444,-0.0038888888888888888,0.020000000000000018,-6.181782599999991,-4.0,1.0,nan
cifar10,20,2,mixed_maturity,dirichlet_lcb,diverse_then_repeat_backdoor,0.5,0,access_freshness_lease,access_full,0.02027659116627184,0.42857142857142855,0.4285714285714286,0.04804398148148145,-0.04000000000000001,-0.02055555555555555,-0.03799999999999998,5.86607570000001,0.0,0.0,0.0
cifar10,20,2,mixed_maturity,dirichlet_lcb,diverse_then_repeat_backdoor,0.5,1,access_freshness_lease,access_full,0.005045354253493469,0.42857142857142855,0.4285714285714286,-0.003061342592592553,0.005,-0.22999999999999998,0.0010000000000000009,5.4247311000000025,2.0,16.0,16.0
cifar10,20,2,mixed_maturity,dirichlet_lcb,diverse_then_repeat_backdoor,0.5,2,access_freshness_lease,access_full,0.021292633176415457,0.42857142857142855,0.4285714285714286,0.060590277777777674,-0.006666666666666666,0.0616666666666667,-0.0020000000000000018,1.1627349000000038,0.0,0.0,0.0
cifar10,20,2,mixed_maturity,dirichlet_lcb,diverse_then_repeat_backdoor,0.5,3,access_freshness_lease,access_full,0.024718947033357058,0.42857142857142855,0.4285714285714286,0.017019675925925876,0.02722222222222223,0.125,-0.013499999999999956,0.6512437000000091,0.0,1.0,-7.0
cifar10,20,2,mixed_maturity,dirichlet_lcb,diverse_then_repeat_backdoor,0.5,4,access_freshness_lease,access_full,0.029031760670338025,0.42857142857142855,0.4285714285714286,0.09303240740740731,-0.08944444444444444,0.12,0.0015000000000000013,-0.8472973000000081,-3.0,-1.0,-4.0
cifar10,20,2,mixed_maturity,dirichlet_lcb,diverse_then_repeat_backdoor,0.5,5,access_freshness_lease,access_full,0.025819952464552307,0.42857142857142855,0.4285714285714286,0.06936342592592587,0.037777777777777743,0.28333333333333327,0.004500000000000004,13.219363500000014,0.0,4.0,0.0
cifar10,20,2,mixed_maturity,dirichlet_lcb,diverse_then_repeat_backdoor,0.5,6,access_freshness_lease,access_full,0.023645908683813555,0.42857142857142855,0.4285714285714286,0.030318287037037067,0.3322222222222222,-0.017222222222222194,0.019000000000000017,1.2737559999999917,-2.0,-5.0,-3.0
cifar10,20,2,mixed_maturity,dirichlet_lcb,diverse_then_repeat_backdoor,0.5,7,access_freshness_lease,access_full,0.02377140731112523,0.42857142857142855,0.4285714285714286,0.07044560185185184,0.15555555555555556,0.07777777777777778,-0.01699999999999996,5.344556699999998,3.0,2.0,1.0
cifar10,20,2,mixed_maturity,dirichlet_lcb,diverse_then_repeat_backdoor,0.5,8,access_freshness_lease,access_full,0.02386219910305276,0.42857142857142855,0.4285714285714286,0.08783564814814801,0.17055555555555557,0.39777777777777773,0.04299999999999998,0.4746883999999909,0.0,0.0,-4.0
cifar10,20,2,mixed_maturity,dirichlet_lcb,diverse_then_repeat_backdoor,0.5,9,access_freshness_lease,access_full,0.014915744722287808,0.42857142857142855,0.4285714285714286,0.03369212962962964,0.06666666666666668,0.04055555555555555,-0.030999999999999972,0.09102319999999509,0.0,0.0,-7.0
cifar10,20,2,mixed_maturity,dirichlet_lcb,benign_concept_drift,0.5,0,access_freshness_lease,rffl_reputation,0.09137100362724752,0.4897959183673469,0.4897959183673469,-0.01553240740740739,0.0016666666666666635,-0.04111111111111111,0.03899999999999998,-4.637164399999989,-3.0,-17.0,nan
cifar10,20,2,mixed_maturity,dirichlet_lcb,benign_concept_drift,0.5,1,access_freshness_lease,rffl_reputation,0.09150562682234739,0.4897959183673469,0.4897959183673469,-0.013171296296296299,-0.15388888888888888,-0.030555555555555558,0.01649999999999996,4.913358700000003,3.0,11.0,11.0
cifar10,20,2,mixed_maturity,dirichlet_lcb,benign_concept_drift,0.5,2,access_freshness_lease,rffl_reputation,0.028596959800330557,0.4897959183673469,0.4897959183673469,0.0007638888888888973,0.05666666666666667,-0.10833333333333334,0.011999999999999955,-11.397399799999988,-2.0,2.0,10.0
cifar10,20,2,mixed_maturity,dirichlet_lcb,benign_concept_drift,0.5,3,access_freshness_lease,rffl_reputation,0.0619675412143791,0.4897959183673469,0.4897959183673469,-0.001041666666666663,0.07444444444444445,-0.05388888888888889,-0.0030000000000000027,0.11245049999999424,-1.0,nan,nan
cifar10,20,2,mixed_maturity,dirichlet_lcb,benign_concept_drift,0.5,4,access_freshness_lease,rffl_reputation,0.010856202176719273,0.4897959183673469,0.4897959183673469,0.03025462962962966,0.3438888888888889,-0.0188888888888889,-0.016000000000000014,-15.664413700000011,8.0,8.0,nan
cifar10,20,2,mixed_maturity,dirichlet_lcb,benign_concept_drift,0.5,5,access_freshness_lease,rffl_reputation,0.050398707797557715,0.4897959183673469,0.4897959183673469,0.018165509259259277,-0.25055555555555553,-0.06222222222222221,0.045999999999999985,5.305263199999985,-1.0,-2.0,-40.0
cifar10,20,2,mixed_maturity,dirichlet_lcb,benign_concept_drift,0.5,6,access_freshness_lease,rffl_reputation,0.040031484894882535,0.4897959183673469,0.4897959183673469,-0.024120370370370355,-0.19444444444444445,0.04111111111111111,-0.0040000000000000036,-5.458292699999987,-2.0,nan,nan
cifar10,20,2,mixed_maturity,dirichlet_lcb,benign_concept_drift,0.5,7,access_freshness_lease,rffl_reputation,0.031097931239872978,0.4897959183673469,0.4897959183673469,0.013535879629629648,0.39111111111111113,-0.006666666666666666,0.045499999999999985,-5.828398199999981,2.0,2.0,-1.0
cifar10,20,2,mixed_maturity,dirichlet_lcb,benign_concept_drift,0.5,8,access_freshness_lease,rffl_reputation,0.014979414314835321,0.4897959183673469,0.4897959183673469,0.01785879629629629,0.029444444444444447,0.03944444444444445,0.026499999999999968,-0.7157221999999877,1.0,34.0,nan
cifar10,20,2,mixed_maturity,dirichlet_lcb,benign_concept_drift,0.5,9,access_freshness_lease,rffl_reputation,0.0653218232860601,0.4897959183673469,0.4897959183673469,-0.01381944444444444,-0.05388888888888889,0.04666666666666667,-0.03049999999999997,-1.0022514000000058,0.0,5.0,nan
cifar10,20,2,mixed_maturity,dirichlet_lcb,diverse_then_repeat_backdoor,0.5,0,access_freshness_lease,rffl_reputation,0.08460045546831634,0.4897959183673469,0.4897959183673469,0.1517129629629629,-0.11166666666666666,-0.037777777777777743,-0.009499999999999953,1.754700200000002,-1.0,-1.0,-3.0
cifar10,20,2,mixed_maturity,dirichlet_lcb,diverse_then_repeat_backdoor,0.5,1,access_freshness_lease,rffl_reputation,0.11906200874179863,0.4897959183673469,0.4897959183673469,0.20860532407407412,0.11611111111111111,0.22611111111111115,-0.019499999999999962,-0.19810119999999642,1.0,18.0,27.0
cifar10,20,2,mixed_maturity,dirichlet_lcb,diverse_then_repeat_backdoor,0.5,2,access_freshness_lease,rffl_reputation,0.0691777882649313,0.4897959183673469,0.4897959183673469,0.15507523148148153,0.08666666666666667,-0.04222222222222222,0.019999999999999962,-4.6574383999999895,-1.0,-1.0,-1.0
cifar10,20,2,mixed_maturity,dirichlet_lcb,diverse_then_repeat_backdoor,0.5,3,access_freshness_lease,rffl_reputation,-0.032677005823895204,0.4897959183673469,0.4897959183673469,-0.045625000000000054,-0.13166666666666665,-0.22666666666666666,-0.0040000000000000036,0.794553900000011,-1.0,0.0,0.0
cifar10,20,2,mixed_maturity,dirichlet_lcb,diverse_then_repeat_backdoor,0.5,4,access_freshness_lease,rffl_reputation,0.05275675806018415,0.4897959183673469,0.4897959183673469,0.08539930555555547,-0.048888888888888926,0.05111111111111111,0.045999999999999985,4.4631155999999805,1.0,3.0,-2.0
cifar10,20,2,mixed_maturity,dirichlet_lcb,diverse_then_repeat_backdoor,0.5,5,access_freshness_lease,rffl_reputation,0.0587550814191692,0.4897959183673469,0.4897959183673469,0.10219328703703695,-0.2966666666666667,0.47222222222222227,0.008999999999999952,13.711670800000007,-2.0,2.0,1.0
cifar10,20,2,mixed_maturity,dirichlet_lcb,diverse_then_repeat_backdoor,0.5,6,access_freshness_lease,rffl_reputation,0.0756139505609219,0.4897959183673469,0.4897959183673469,0.05979745370370379,-0.051111111111111114,0.3405555555555556,0.05199999999999999,0.3353622999999857,0.0,0.0,0.0
cifar10,20,2,mixed_maturity,dirichlet_lcb,diverse_then_repeat_backdoor,0.5,7,access_freshness_lease,rffl_reputation,0.027209875771628575,0.4897959183673469,0.4897959183673469,0.050081018518518455,-0.23777777777777775,0.09500000000000003,-0.004999999999999949,4.567447200000004,0.0,-5.0,-5.0
cifar10,20,2,mixed_maturity,dirichlet_lcb,diverse_then_repeat_backdoor,0.5,8,access_freshness_lease,rffl_reputation,0.032539835230589134,0.4897959183673469,0.4897959183673469,0.08562500000000003,0.02166666666666668,0.10333333333333333,0.02150000000000002,-7.052675700000009,0.0,0.0,0.0
cifar10,20,2,mixed_maturity,dirichlet_lcb,diverse_then_repeat_backdoor,0.5,9,access_freshness_lease,rffl_reputation,0.08086091042888688,0.4897959183673469,0.4897959183673469,0.16590277777777787,0.24,0.36777777777777776,-0.035999999999999976,-0.5267654000000164,0.0,0.0,3.0
